"Início dos relatórios","Encerramento dos relatórios","Nome do conjunto de anúncios","Veiculação do conjunto de anúncios","Configuração de atribuição",Resultados,"Indicador de resultados",Alcance,Frequência,"Custo por resultados","Orçamento do conjunto de anúncios","Tipo de orçamento do conjunto de anúncios","Valor gasto (BRL)",Término,Início,Impressões,"CPM (custo por 1.000 impressões) (BRL)","Cliques no link",shop_clicks,"CPC (custo por clique no link) (BRL)","CTR (taxa de cliques no link)","Cliques (todos)","CTR (todos)","CPC (todos) (BRL)","Visualizações da página de destino","Custo por visualização da página de destino (BRL)","ROAS de doações","ROAS de compras","Valor de conversão das compras com assistência das lojas","Valor de conversão das compras diretas no site","Resultados (iniciais)","Indicador de resultados (inicial)"
2026-05-01,2026-08-08,"Casa e clínicas - Brasil",inactive,"Clique de 7 dias ou visualização de 1 dia",66,actions:onsite_conversion.messaging_conversation_started_7d,2535,1.046943,0.77712121,25,Diário,51.29,Contínuo,2025-12-11,2654,19.325546,79,,0.649241,2.976639,112,4.220045,0.457946,1,51.29,,1.055761,0,54.15,,
2026-05-01,2026-08-08,"Leads + Semelhantes",active,"Clique de 7 dias ou visualização de 1 dia",2374,actions:onsite_conversion.messaging_conversation_started_7d,86119,1.982025,2.15834035,80,Diário,5123.9,Contínuo,2026-01-11,170690,30.018747,3040,,1.685493,1.781007,4414,2.585975,1.160829,101,50.731683,,0.746336,0,3824.15,,
2026-05-01,2026-08-08,"00 [INSTA] FUNIL 00 EMPRESA - Look a like 1% dos compradores do site - 30 a 52 anos",not_delivering,"Clique de 1 dia",610,profile_visit_view,11765,1.271823,0.51114754,10,Diário,311.8,Contínuo,2026-02-10,14963,20.838067,618,,0.504531,4.130188,539,3.602219,0.578479,60,5.196667,,,0,0,,
2026-05-01,2026-08-08,"01 [INSTA] FUNIL 00 - Viu vídeo do público 00 e não seguiu",not_delivering,"Clique de 1 dia",284,profile_visit_view,4880,2.343852,0.45827465,10,Diário,130.15,Contínuo,2026-02-10,11438,11.378738,288,,0.45191,2.517923,270,2.360553,0.482037,23,5.658696,,,0,0,,
2026-05-01,2026-08-08,"01 [AUTO] Advantage+",inactive,"Clique de 7 dias, visualização de 1 dia ou visualização com engajamento de 1 dia",18,actions:offsite_conversion.fb_pixel_purchase,31979,1.820664,215.62611111,200,Diário,3881.27,Contínuo,2026-02-10,58223,66.662144,1237,,3.137648,2.12459,1741,2.990227,2.229334,1191,3.258833,,5.819216,0,22585.95,,
2026-05-01,2026-08-08,"00 [INSTA] Funil de casa - parte 01",inactive,"Clique de 1 dia",682,profile_visit_view,13978,1.0998,0.2508651,15,Diário,171.09,Contínuo,2026-02-12,15373,11.129253,730,,0.23437,4.748585,698,4.540428,0.245115,244,0.701189,,,0,0,,
2026-05-01,2026-08-08,"01 [INSTA] Funil de casa + Funil MC- PARTE 02 - Viu vídeo do público 00 e não seguiu",inactive,"Clique de 1 dia",463,profile_visit_view,9281,1.306433,0.37228942,15,Diário,172.37,Contínuo,2026-02-12,12125,14.216082,483,,0.356874,3.983505,472,3.892784,0.365191,139,1.240072,,,0,0,,
2026-05-01,2026-08-08,Lojas,inactive,"Clique de 7 dias ou visualização de 1 dia",26,actions:onsite_conversion.messaging_conversation_started_7d,3589,1.171914,3.55923077,13,Diário,92.54,Contínuo,2026-02-17,4206,22.001902,48,,1.927917,1.141227,72,1.71184,1.285278,,,,,0,0,,
2026-05-01,2026-08-08,Supermercado,inactive,"Clique de 7 dias ou visualização de 1 dia",,,0,0,,10,Diário,0,Contínuo,2026-02-26,0,0,,,,,0,0,0,,,,,0,0,,
2026-05-01,2026-08-08,"TESTE DE PÚBLICO - 03 [AUTO] Look a like 1% compradores",inactive,"Clique de 7 dias, visualização de 1 dia ou visualização com engajamento de 1 dia",1,actions:offsite_conversion.fb_pixel_purchase,9096,1.271438,648.63,60,Diário,648.63,Contínuo,2026-03-05,11565,56.085603,163,,3.979325,1.409425,259,2.239516,2.504363,161,4.028758,,0.087878,0,57,,
2026-05-01,2026-08-08,Hotel,inactive,"Clique de 7 dias ou visualização de 1 dia",62,actions:onsite_conversion.messaging_conversation_started_7d,6862,1.422909,4.08983871,10,Diário,253.57,Contínuo,2026-03-06,9764,25.969889,134,,1.892313,1.372388,199,2.038099,1.274221,4,63.3925,,,0,0,,
2026-05-01,2026-08-08,Paróquia,inactive,"Clique de 7 dias ou visualização de 1 dia",,,0,0,,10,Diário,0,Contínuo,2026-03-07,0,0,,,,,0,0,0,,,,,0,0,,
2026-05-01,2026-08-08,"TESTE DE CRIATIVOS - Advantage+",active,"Clique de 7 dias ou visualização de 1 dia",30,actions:offsite_conversion.fb_pixel_purchase,27439,1.851088,138.77766667,200,Diário,4163.33,Contínuo,2026-03-09,50792,81.968223,1311,,3.17569,2.581115,1753,3.451331,2.374974,1241,3.354819,,7.616264,0,31709.02,,
2026-05-01,2026-08-08,MC,inactive,"Clique de 7 dias ou visualização de 1 dia",,,0,0,,50,Diário,0,Contínuo,2026-03-09,0,0,,,,,0,0,0,,,,,0,0,,
2026-05-01,2026-08-08,"Funil MC",inactive,"Clique de 1 dia",1480,profile_visit_view,36491,1.187526,0.28031757,15,Diário,414.87,Contínuo,2026-03-18,43334,9.573776,1531,,0.27098,3.533023,1488,3.433793,0.27881,105,3.951143,,,0,0,,
2026-05-01,2026-08-08,"02 [AUTO] MC",inactive,"Clique de 7 dias ou visualização de 1 dia",,,0,0,,40,Diário,0,Contínuo,2026-04-02,0,0,,,,,0,0,0,,,,,0,0,,
2026-05-01,2026-08-08,"00 [INSTA] Remarketing",active,"Clique de 7 dias ou visualização de 1 dia",45,actions:offsite_conversion.fb_pixel_purchase,41955,3.976522,179.98066667,300,Diário,8099.13,Contínuo,2026-04-02,166835,48.545749,2865,,2.826921,1.717266,3726,2.233344,2.17368,2747,2.948355,,5.504544,0,44582.02,,
2026-05-01,2026-08-08,"TESTE DE PÚBLICO - Interesses (Brasil,  mulheres, 27 a 49 anos)",inactive,"Clique de 7 dias, visualização de 1 dia ou visualização com engajamento de 1 dia",,,0,0,,20,Diário,0,Contínuo,2026-04-06,0,0,,,,,0,0,0,,,,,0,0,,
2026-05-01,2026-08-08,"03 [AUTO] Interesses (Brasil,  mulheres, 27 a 49 anos)",inactive,"Clique de 7 dias ou visualização de 1 dia",1,actions:offsite_conversion.fb_pixel_purchase,6537,1.32186,551.48,30,Diário,551.48,Contínuo,2026-04-14,8641,63.821317,184,,2.997174,2.129383,270,3.124638,2.042519,175,3.151314,,0.663215,0,365.75,,
2026-05-01,2026-08-08,"TESTE DE CRIATIVOS - Advantage+ [14/04]",inactive,"Clique de 7 dias ou visualização de 1 dia",14,actions:offsite_conversion.fb_pixel_purchase,12247,1.835715,149.71642857,61,Diário,2096.03,Contínuo,2026-04-14,22482,93.231474,557,,3.76307,2.477538,778,3.460546,2.694126,548,3.824872,,7.329924,0,15363.74,,
2026-05-01,2026-08-08,"TESTE DE CRIATIVOS - Advantage+ [14/04]",inactive,"Clique de 7 dias ou visualização de 1 dia",,,0,0,,20,Diário,0,Contínuo,2026-04-14,0,0,,,,,0,0,0,,,,,0,0,,
2026-05-01,2026-08-08,"TESTE DE CRIATIVOS - Advantage+ [14/04] - não validado",inactive,"Clique de 7 dias ou visualização de 1 dia",,,0,0,,20,Diário,0,Contínuo,2026-04-14,0,0,,,,,0,0,0,,,,,0,0,,
2026-05-01,2026-08-08,Clínicas,inactive,"Clique de 7 dias ou visualização de 1 dia",109,actions:onsite_conversion.messaging_conversation_started_7d,11381,1.341446,3.72889908,15,Diário,406.45,Contínuo,2026-04-25,15267,26.622781,234,,1.736966,1.532718,356,2.331827,1.141713,7,58.064286,,,0,0,,
2026-05-01,2026-08-08,"TESTE PÚBLICO E CRIATIVO RMKT",inactive,"Clique de 7 dias, visualização de 1 dia ou visualização com engajamento de 1 dia",1,actions:offsite_conversion.fb_pixel_purchase,711,1.803094,127.04,20,Diário,127.04,Contínuo,2026-05-05,1282,99.095164,22,,5.774545,1.716069,29,2.26209,4.38069,19,6.686316,,6.801008,0,864,,
2026-05-01,2026-08-08,"TESTE PÚBLICO - SP/MG/RJ - Advantage",active,"Clique de 7 dias, visualização de 1 dia ou visualização com engajamento de 1 dia",79,actions:offsite_conversion.fb_pixel_purchase,98384,2.100443,135.22278481,896.92,Diário,10682.6,Contínuo,2026-05-05,206650,51.694169,4498,,2.374967,2.176627,6038,2.921849,1.769228,4289,2.490697,,7.020256,0,74994.59,,
2026-05-01,2026-08-08,MC,active,"Clique de 7 dias, visualização de 1 dia ou visualização com engajamento de 1 dia",20,actions:offsite_conversion.fb_pixel_purchase,47220,2.145976,250.85,200,Diário,5017,Contínuo,2026-02-21,101333,49.510031,3461,,1.449581,3.415472,4092,4.038171,1.226051,3334,1.504799,,5.172486,0,25950.36,,
2026-05-01,2026-08-08,"TESTE GP",active,"Clique de 7 dias ou visualização de 1 dia",81,actions:offsite_conversion.fb_pixel_purchase,104261,1.88641,148.12753086,507.69,Diário,11998.33,Contínuo,2026-05-09,196679,61.004632,4950,,2.423905,2.516791,7984,4.059406,1.502797,4681,2.563198,,8.855308,0,106248.91,,
2026-05-01,2026-08-08,"Quente - Grupo VIP",not_delivering,"Clique de 7 dias ou visualização de 1 dia",57,actions:omni_landing_page_view,4635,1.445092,0.77912281,20,Diário,44.41,Contínuo,2026-05-10,6698,6.630337,95,,0.467474,1.418334,163,2.433562,0.272454,57,0.779123,,,0,0,,
2026-05-01,2026-08-08,"00 [PARTE 01] Brasil - homens e mulheres - Interesses",inactive,"Clique de 1 dia",1586,profile_visit_view,18440,1.231941,0.23131778,20,Diário,366.87,Contínuo,2026-05-11,22717,16.14958,1642,,0.223429,7.228067,1559,6.862702,0.235324,258,1.421977,,,0,0,,
2026-05-01,2026-08-08,"01 [PARTE 02] Viu 01 e não seguiu",inactive,"Clique de 1 dia",2022,profile_visit_view,17103,3.286383,0.44039565,10,Diário,890.48,Contínuo,2026-05-11,56207,15.842867,2044,,0.435656,3.636558,1955,3.478214,0.455488,486,1.832263,,,0,0,,
2026-05-01,2026-08-08,"00 - Seguidores, vídeo MC e visitantes site e insta 30D",inactive,"Clique de 7 dias ou visualização de 1 dia",7442,video_thruplay_watched_actions,15145,4.32618,0.06161247,6,Diário,458.52,Contínuo,2026-05-12,65520,6.998169,257,,1.784125,0.392247,740,1.129426,0.619622,204,2.247647,,,0,0,,
2026-05-01,2026-08-08,"02 [PARTE 03] Viu 01 e 02 e não seguiu",inactive,"Clique de 1 dia",2329,profile_visit_view,27417,2.090309,0.41593388,10,Diário,968.71,Contínuo,2026-05-12,57310,16.902984,2387,,0.405827,4.165067,2273,3.966149,0.426181,583,1.661595,,0.055899,0,54.15,,
2026-05-01,2026-08-08,"01 - Visitantes site e insta 180D + viu videos 00 nos últimos 30D",inactive,"Clique de 7 dias ou visualização de 1 dia",1890,video_thruplay_watched_actions,7106,2.357867,0.06393651,6,Diário,120.84,Contínuo,2026-05-12,16755,7.212175,99,,1.220606,0.590868,203,1.211579,0.595271,77,1.569351,,,0,0,,
2026-05-01,2026-08-08,"TESTE DE CRIATIVOS - Advantage+ [12/05] vídeo 4485",inactive,"Clique de 7 dias ou visualização de 1 dia",,,1661,1.745936,,20,Diário,214.9,Contínuo,2026-05-12,2900,74.103448,50,,4.298,1.724138,81,2.793103,2.653086,46,4.671739,,,0,0,,
2026-05-01,2026-08-08,"TESTE DE CRIATIVOS - Advantage+ [12/05] vídeo 4490",inactive,"Clique de 7 dias ou visualização de 1 dia",6,actions:offsite_conversion.fb_pixel_purchase,10181,1.506728,195.94,30,Diário,1175.64,Contínuo,2026-05-12,15340,76.638853,319,,3.685392,2.079531,458,2.985658,2.5669,301,3.905781,,6.699925,0,7876.7,,
2026-05-01,2026-08-08,"TESTE DE CRIATIVOS - Advantage+ [23/06]",inactive,"Clique de 7 dias ou visualização de 1 dia",7,actions:offsite_conversion.fb_pixel_purchase,9230,1.604875,199.30857143,50,Diário,1395.16,Contínuo,2026-05-18,14813,94.184838,368,,3.791196,2.484304,500,3.375413,2.79032,332,4.202289,,4.070644,0,5679.2,,
2026-05-01,2026-08-08,"02 - Seguidores e visitantes - sem video MC",inactive,"Clique de 7 dias ou visualização de 1 dia",3173,video_thruplay_watched_actions,8480,3.885024,0.12557832,6,Diário,398.46,Contínuo,2026-05-22,32945,12.094703,142,,2.806056,0.431021,323,0.980422,1.233622,118,3.37678,,,0,0,,
2026-05-01,2026-08-08,"TESTE DE CRIATIVOS - Advantage+ [25/5] imagem",inactive,"Clique de 7 dias ou visualização de 1 dia",,,1398,1.413448,,20,Diário,146.82,Contínuo,2026-05-25,1976,74.301619,36,,4.078333,1.821862,46,2.327935,3.191739,30,4.894,,,0,0,,
2026-05-01,2026-08-08,"TESTE DE CRIATIVOS - Advantage+ [25/5] imagem 2",inactive,"Clique de 7 dias ou visualização de 1 dia",,,647,1.205564,,20,Diário,50.99,Contínuo,2026-05-25,780,65.371795,17,,2.999412,2.179487,23,2.948718,2.216957,17,2.999412,,,0,0,,
2026-05-01,2026-08-08,"TESTE MAXIMIZAR VALOR DE CONVERSÃO",inactive,"Clique de 7 dias ou visualização de 1 dia",,,1897,1.220348,,20,Diário,289.87,Contínuo,2026-05-28,2315,125.213823,56,,5.17625,2.419006,65,2.807775,4.459538,46,6.301522,,,0,0,,
2026-05-01,2026-08-08,"[GP] Semelhantes Compradores",inactive,"Clique de 1 dia ou visualização com engajamento de 1 dia",2,actions:offsite_conversion.fb_pixel_purchase,3880,1.423969,346,30,Diário,692,Contínuo,2026-05-31,5525,125.248869,97,,7.134021,1.755656,127,2.298643,5.448819,81,8.54321,,8.671965,0,6001,,
2026-05-01,2026-08-08,"0 [STORIES] Visitantes do site + visitantes do insta",not_delivering,"Clique de 7 dias ou visualização de 1 dia",4,actions:offsite_conversion.fb_pixel_purchase,3178,3.184078,206.9525,50,Diário,827.81,Contínuo,2026-06-01,10119,81.807491,162,,5.109938,1.600949,219,2.164245,3.779954,133,6.224135,,8.214143,0,6799.75,,
2026-05-01,2026-08-08,"00 [PARTE 01] Advantage+",active,"Clique de 1 dia",3548,profile_visit_view,43143,1.241383,0.28481116,10,Diário,1010.51,Contínuo,2026-06-01,53557,18.867935,3626,,0.278685,6.770357,3472,6.482813,0.291046,620,1.629855,,,0,0,,
2026-05-01,2026-08-08,"TESTE DE CRIATIVOS - Advantage+ [01/06]",inactive,"Clique de 7 dias ou visualização de 1 dia",1,actions:offsite_conversion.fb_pixel_purchase,1499,1.332889,196.64,20,Diário,196.64,Contínuo,2026-06-01,1998,98.418418,33,,5.958788,1.651652,66,3.303303,2.979394,31,6.343226,,0.275376,0,54.15,,
2026-05-01,2026-08-08,"[GP] Refil",inactive,"Clique de 7 dias ou visualização de 1 dia",,,681,2.039648,,20,Diário,112.81,Contínuo,2026-06-13,1389,81.216703,17,,6.635882,1.223902,30,2.159827,3.760333,13,8.677692,,,0,0,,
2026-05-01,2026-08-08,"00 Semelhante Compradores - SP / RJ / MG",active,"Clique de 1 dia",1210,profile_visit_view,14007,1.258871,0.47418182,10,Diário,573.76,Contínuo,2026-06-23,17633,32.538989,1215,,0.47223,6.890489,1166,6.612601,0.492075,338,1.697515,,0.099345,0,57,,
2026-05-01,2026-08-08,"Conj. 5",not_delivering,"Clique de 7 dias ou visualização de 1 dia",,,254,1.295276,,"Usando orçamento da campanha",0,38.41,Contínuo,2026-06-25,329,116.74772,6,,6.401667,1.823708,6,1.823708,6.401667,5,7.682,,,0,0,,
2026-05-01,2026-08-08,"Conj. 2",not_delivering,"Clique de 7 dias ou visualização de 1 dia",,,1316,1.219605,,"Usando orçamento da campanha",0,152.86,Contínuo,2026-06-25,1605,95.239875,31,,4.930968,1.931464,45,2.803738,3.396889,36,4.246111,,,0,0,,
2026-05-01,2026-08-08,"Conj. 4",not_delivering,"Clique de 7 dias ou visualização de 1 dia",1,actions:offsite_conversion.fb_pixel_purchase,1562,1.377721,244.42,"Usando orçamento da campanha",0,244.42,Contínuo,2026-06-25,2152,113.578067,55,,4.444,2.555762,66,3.066915,3.703333,47,5.200426,,7.372555,0,1802,,
2026-05-01,2026-08-08,"Conj. 3",not_delivering,"Clique de 7 dias ou visualização de 1 dia",,,378,1.156085,,"Usando orçamento da campanha",0,38.02,Contínuo,2026-06-25,437,87.002288,5,,7.604,1.144165,6,1.372998,6.336667,5,7.604,,,0,0,,
2026-05-01,2026-08-08,Quente,not_delivering,"Clique de 7 dias, visualização de 1 dia ou visualização com engajamento de 1 dia",,,0,0,,67,Diário,0,Contínuo,2025-01-10,0,0,,,,,0,0,0,,,,,0,0,,
2026-05-01,2026-08-08,Aberto,not_delivering,"Clique de 7 dias, visualização de 1 dia ou visualização com engajamento de 1 dia",,,0,0,,67,Diário,0,Contínuo,2025-01-14,0,0,,,,,0,0,0,,,,,0,0,,
2026-05-01,2026-08-08,"Camada 1",not_delivering,"Clique de 7 dias ou visualização de 1 dia",,,0,0,,6,Diário,0,Contínuo,2025-09-12,0,0,,,,,0,0,0,,,,,0,0,,
2026-05-01,2026-08-08,"Frio - Advantage - Vídeo",not_delivering,"Clique de 7 dias, visualização de 1 dia ou visualização com engajamento de 1 dia",,,0,0,,50,Diário,0,Contínuo,2025-09-17,0,0,,,,,0,0,0,,,,,0,0,,
2026-05-01,2026-08-08,"Frio - Advantage - Vídeo",not_delivering,"Clique de 7 dias, visualização de 1 dia ou visualização com engajamento de 1 dia",,,0,0,,50,Diário,0,Contínuo,2025-09-17,0,0,,,,,0,0,0,,,,,0,0,,
2026-05-01,2026-08-08,Masterchef,inactive,"Clique de 7 dias, visualização de 1 dia ou visualização com engajamento de 1 dia",,,0,0,,30,Diário,0,Contínuo,2025-09-23,0,0,,,,,0,0,0,,,,,0,0,,
2026-05-01,2026-08-08,"Página V2",not_delivering,"Clique de 7 dias, visualização de 1 dia ou visualização com engajamento de 1 dia",,,0,0,,50,Diário,0,Contínuo,2025-09-24,0,0,,,,,0,0,0,,,,,0,0,,
2026-05-01,2026-08-08,"Masterchef - AD 1",inactive,"Clique de 7 dias, visualização de 1 dia ou visualização com engajamento de 1 dia",,,0,0,,30,Diário,0,Contínuo,2025-09-25,0,0,,,,,0,0,0,,,,,0,0,,
2026-05-01,2026-08-08,SP,not_delivering,"Clique de 7 dias ou visualização de 1 dia",,,0,0,,50,Diário,0,Contínuo,2026-01-12,0,0,,,,,0,0,0,,,,,0,0,,
2026-05-01,2026-08-08,"Conj. 1",not_delivering,"Clique de 7 dias ou visualização de 1 dia",1,actions:offsite_conversion.fb_pixel_purchase,1209,1.267163,152.02,"Usando orçamento da campanha",0,152.02,Contínuo,2026-06-25,1532,99.229765,43,,3.535349,2.806789,54,3.524804,2.815185,37,4.108649,,0.534272,0,81.22,,
2026-05-01,2026-08-08,"Conj. 1",not_delivering,"Clique de 7 dias ou visualização de 1 dia",,,23,1.086957,,"Usando orçamento da campanha",0,2.08,Contínuo,2026-06-27,25,83.2,,,,,0,0,0,,,,,0,0,,
2026-05-01,2026-08-08,"Conj. 2",not_delivering,"Clique de 7 dias ou visualização de 1 dia",,,19,1.052632,,"Usando orçamento da campanha",0,2.64,Contínuo,2026-06-27,20,132,,,,,0,0,0,,,,,0,0,,
2026-05-01,2026-08-08,"Conj. 3",not_delivering,"Clique de 7 dias ou visualização de 1 dia",,,1155,1.380952,,"Usando orçamento da campanha",0,204.86,Contínuo,2026-06-27,1595,128.438871,27,,7.587407,1.69279,37,2.319749,5.536757,20,10.243,,,0,0,,
2026-05-01,2026-08-08,"Conj. 4",not_delivering,"Clique de 7 dias ou visualização de 1 dia",,,1977,1.444107,,"Usando orçamento da campanha",0,286.42,Contínuo,2026-06-27,2855,100.322242,50,,5.7284,1.751313,66,2.311734,4.339697,46,6.226522,,,0,0,,
2026-05-01,2026-08-08,"Conj. 5",not_delivering,"Clique de 7 dias ou visualização de 1 dia",,,14,1.357143,,"Usando orçamento da campanha",0,1.62,Contínuo,2026-06-27,19,85.263158,1,,1.62,5.263158,1,5.263158,1.62,,,,,0,0,,
2026-05-01,2026-08-08,28/06,inactive,"Clique de 7 dias",1,actions:offsite_conversion.fb_pixel_purchase,13778,1.08949,343.32,500,Total,343.32,2026-06-28,2026-06-28,15011,22.871228,272,,1.262206,1.812005,310,2.065152,1.107484,33,10.403636,,0.149423,0,51.3,,
2026-05-01,2026-08-08,28/06,archived,"Clique de 7 dias ou visualização de 1 dia",1173,actions:link_click,128821,1,0.42625746,500,Total,500,2026-06-28,2026-06-28,128821,3.881355,1173,,0.426257,0.910566,1239,0.9618,0.403551,1,500,,,0,0,,
2026-05-01,2026-08-08,"06/07 - SP, MG",inactive,"Clique de 7 dias",,,5263,1.174995,,500,Total,310.28,2026-07-06,2026-07-06,6184,50.174644,106,,2.92717,1.714101,116,1.875809,2.674828,12,25.856667,,,0,0,,
2026-05-01,2026-08-08,"Brasil - 25 a 55a - IG",active,"Clique de 7 dias ou visualização de 1 dia",60,actions:offsite_conversion.fb_pixel_purchase,129725,1.642174,226.11033333,"Usando orçamento da campanha",0,13566.62,Contínuo,2026-07-08,213031,63.683783,5457,,2.486095,2.561599,6657,3.124897,2.037948,5223,2.597477,,7.203892,0,97732.47,,
2026-05-01,2026-08-08,"Conjunto DSB",inactive,"Clique de 7 dias, visualização de 1 dia ou visualização com engajamento de 1 dia",1,actions:offsite_conversion.fb_pixel_purchase,12953,1.812244,1392.96,100,Diário,1392.96,Contínuo,2026-07-21,23474,59.340547,328,,4.246829,1.397291,505,2.151316,2.758337,301,4.627774,,0.800526,0,1115.1,,
2026-05-01,2026-08-08,"Conjunto Conceito",inactive,"Clique de 7 dias, visualização de 1 dia ou visualização com engajamento de 1 dia",4,actions:offsite_conversion.fb_pixel_purchase,11840,1.466976,439.0025,200,Diário,1756.01,Contínuo,2026-07-21,17369,101.100236,273,,6.432271,1.571766,416,2.395072,4.221178,253,6.940751,,2.8079,0,4930.7,,
2026-05-01,2026-08-08,"Conjunto Ângulo",active,"Clique de 7 dias, visualização de 1 dia ou visualização com engajamento de 1 dia",24,actions:offsite_conversion.fb_pixel_purchase,25461,1.762657,260.85666667,300,Diário,6260.56,Contínuo,2026-07-21,44879,139.498652,847,,7.391452,1.887297,1747,3.892689,3.583606,803,7.796463,,7.859976,0,49207.85,,
2026-05-01,2026-08-08,"03 - Públicos consolidados - Seguidores + visitantes site e IG 180D",active,"Clique de 7 dias ou visualização de 1 dia",3161,video_thruplay_watched_actions,10462,1.796119,0.04369187,12,Diário,138.11,Contínuo,2026-07-27,18791,7.349795,65,,2.124769,0.34591,237,1.261242,0.582743,54,2.557593,,0.450366,0,62.2,,
2026-05-01,2026-08-08,"03 [PARTE 04] Viu 01 e 02 e não seguiu",active,"Clique de 1 dia",665,profile_visit_view,13812,1.378439,0.34753383,20,Diário,231.11,Contínuo,2026-07-28,19039,12.138768,735,,0.314435,3.860497,846,4.443511,0.27318,213,1.085023,,,0,0,,
2026-05-01,2026-08-08,"[PET] Adv+ Amplo BR - Sem Segmentação",inactive,"Clique de 7 dias ou visualização de 1 dia",3,actions:offsite_conversion.fb_pixel_purchase,10359,1.764649,370.3,"Usando orçamento da campanha",0,1110.9,Contínuo,2026-07-28,18280,60.771335,179,,6.206145,0.979212,2950,16.137856,0.376576,149,7.455705,,2.254919,0,2504.99,,
2026-05-01,2026-08-08,Aberto,not_delivering,"Clique de 7 dias, visualização de 1 dia ou visualização com engajamento de 1 dia",,,0,0,,67,Diário,0,Contínuo,2025-01-10,0,0,,,,,0,0,0,,,,,0,0,,
2026-05-01,2026-08-08,Quente,not_delivering,"Clique de 7 dias, visualização de 1 dia ou visualização com engajamento de 1 dia",,,0,0,,67,Diário,0,Contínuo,2025-01-14,0,0,,,,,0,0,0,,,,,0,0,,
2026-05-01,2026-08-08,"Reino Unido",not_delivering,"Clique de 7 dias, visualização de 1 dia ou visualização com engajamento de 1 dia",,,0,0,,"Usando orçamento da campanha",0,0,Contínuo,2025-02-05,0,0,,,,,0,0,0,,,,,0,0,,
2026-05-01,2026-08-08,"Frio - Advantage",not_delivering,"Clique de 7 dias, visualização de 1 dia ou visualização com engajamento de 1 dia",,,0,0,,20,Diário,0,Contínuo,2025-09-17,0,0,,,,,0,0,0,,,,,0,0,,
2026-05-01,2026-08-08,Reforma,not_delivering,"Clique de 7 dias, visualização de 1 dia ou visualização com engajamento de 1 dia",,,0,0,,50,Diário,0,Contínuo,2025-09-20,0,0,,,,,0,0,0,,,,,0,0,,
2026-05-01,2026-08-08,"Frio Advantage",not_delivering,"Clique de 7 dias, visualização de 1 dia ou visualização com engajamento de 1 dia",,,0,0,,30,Diário,0,Contínuo,2025-09-23,0,0,,,,,0,0,0,,,,,0,0,,
2026-05-01,2026-08-08,"AD 07 - Frio - Advantage",inactive,"Clique de 7 dias, visualização de 1 dia ou visualização com engajamento de 1 dia",,,0,0,,50,Diário,0,Contínuo,2025-09-24,0,0,,,,,0,0,0,,,,,0,0,,
2026-05-01,2026-08-08,"Masterchef - AD 4",not_delivering,"Clique de 7 dias, visualização de 1 dia ou visualização com engajamento de 1 dia",,,0,0,,50,Diário,0,Contínuo,2025-09-25,0,0,,,,,0,0,0,,,,,0,0,,
2026-05-01,2026-08-08,"Quanto Custa",not_delivering,"Clique de 7 dias, visualização de 1 dia ou visualização com engajamento de 1 dia",,,0,0,,30,Diário,0,Contínuo,2025-09-26,0,0,,,,,0,0,0,,,,,0,0,,
2026-05-01,2026-08-08,"Mesa Sem Cor",not_delivering,"Clique de 7 dias, visualização de 1 dia ou visualização com engajamento de 1 dia",,,0,0,,30,Diário,0,Contínuo,2025-09-26,0,0,,,,,0,0,0,,,,,0,0,,
2026-05-01,2026-08-08,"Visualizaram vídeo",not_delivering,"Clique de 7 dias ou visualização de 1 dia",,,0,0,,6,Diário,0,Contínuo,2025-11-09,0,0,,,,,0,0,0,,,,,0,0,,
2026-05-01,2026-08-08,"Público Interesse",inactive,"Clique de 7 dias ou visualização de 1 dia",,,0,0,,6,Diário,0,Contínuo,2025-11-09,0,0,,,,,0,0,0,,,,,0,0,,
2026-05-01,2026-08-08,"Alpha + SP - Gkay",inactive,"Clique de 7 dias ou visualização de 1 dia",,,0,0,,60,Diário,0,Contínuo,2025-11-21,0,0,,,,,0,0,0,,,,,0,0,,
2026-05-01,2026-08-08,"Engajamento Vídeos Natal - Mais pessoas",not_delivering,"Clique de 7 dias ou visualização de 1 dia",,,0,0,,10,Diário,0,Contínuo,2025-11-23,0,0,,,,,0,0,0,,,,,0,0,,
2026-05-01,2026-08-08,"Alphaville - Casa e clínicas",inactive,"Clique de 7 dias ou visualização de 1 dia",,,0,0,,30,Diário,0,Contínuo,2025-12-10,0,0,,,,,0,0,0,,,,,0,0,,
2026-05-01,2026-08-08,"Médico - Aberto",inactive,"Clique de 7 dias ou visualização de 1 dia",,,0,0,,30,Diário,0,Contínuo,2026-01-06,0,0,,,,,0,0,0,,,,,0,0,,
2026-05-01,2026-08-08,"Médico - SP",inactive,"Clique de 7 dias ou visualização de 1 dia",,,0,0,,30,Diário,0,Contínuo,2026-01-07,0,0,,,,,0,0,0,,,,,0,0,,
2026-05-01,2026-08-08,"01 [AUTO] Profissionais liberais",not_delivering,"Clique de 7 dias, visualização de 1 dia ou visualização com engajamento de 1 dia",,,0,0,,20,Diário,0,Contínuo,2026-01-28,0,0,,,,,0,0,0,,,,,0,0,,
2026-05-01,2026-08-08,"01 [INSTA] Clínicas e médicos",inactive,"Clique de 7 dias, visualização de 1 dia ou visualização com engajamento de 1 dia",,,0,0,,10,Diário,0,Contínuo,2026-02-03,0,0,,,,,0,0,0,,,,,0,0,,
2026-05-01,2026-08-08,Barberaria,inactive,"Clique de 7 dias ou visualização de 1 dia",,,0,0,,10,Diário,0,Contínuo,2026-02-07,0,0,,,,,0,0,0,,,,,0,0,,
2026-05-01,2026-08-08,Mix,inactive,"Clique de 7 dias, visualização de 1 dia ou visualização com engajamento de 1 dia",,,0,0,,40,Diário,0,Contínuo,2026-02-09,0,0,,,,,0,0,0,,,,,0,0,,
2026-05-01,2026-08-08,Igreja,inactive,"Clique de 7 dias ou visualização de 1 dia",,,0,0,,10,Diário,0,Contínuo,2026-02-10,0,0,,,,,0,0,0,,,,,0,0,,
2026-05-01,2026-08-08,"02 [AUTO] Look a like 1% site - Teste com Rio de Janeiro e Minas Gerais",inactive,"Clique de 7 dias, visualização de 1 dia ou visualização com engajamento de 1 dia",,,0,0,,30,Diário,0,Contínuo,2026-02-19,0,0,,,,,0,0,0,,,,,0,0,,
2026-05-01,2026-08-08,"00 [INSTA] Remarketing",inactive,"Clique de 7 dias, visualização de 1 dia ou visualização com engajamento de 1 dia",,,0,0,,10,Diário,0,Contínuo,2026-02-23,0,0,,,,,0,0,0,,,,,0,0,,
2026-05-01,2026-08-08,"Advantage+ 2",inactive,"Clique de 7 dias, visualização de 1 dia ou visualização com engajamento de 1 dia",,,0,0,,60,Diário,0,Contínuo,2026-02-23,0,0,,,,,0,0,0,,,,,0,0,,
2026-05-01,2026-08-08,"Frio - Advantage - Vídeo",not_delivering,"Clique de 7 dias, visualização de 1 dia ou visualização com engajamento de 1 dia",,,0,0,,50,Diário,0,Contínuo,2025-09-18,0,0,,,,,0,0,0,,,,,0,0,,
2026-05-01,2026-08-08,"Frio Advantage",inactive,"Clique de 7 dias, visualização de 1 dia ou visualização com engajamento de 1 dia",,,0,0,,30,Diário,0,Contínuo,2025-09-23,0,0,,,,,0,0,0,,,,,0,0,,
2026-05-01,2026-08-08,"Frio Advantage",inactive,"Clique de 7 dias, visualização de 1 dia ou visualização com engajamento de 1 dia",,,0,0,,30,Diário,0,Contínuo,2025-09-23,0,0,,,,,0,0,0,,,,,0,0,,
2026-05-01,2026-08-08,"AD 01 - Frio - Advantage",inactive,"Clique de 7 dias, visualização de 1 dia ou visualização com engajamento de 1 dia",,,0,0,,50,Diário,0,Contínuo,2025-09-24,0,0,,,,,0,0,0,,,,,0,0,,
2026-05-01,2026-08-08,"Masterchef - AD 2",inactive,"Clique de 7 dias, visualização de 1 dia ou visualização com engajamento de 1 dia",,,0,0,,50,Diário,0,Contínuo,2025-09-25,0,0,,,,,0,0,0,,,,,0,0,,
2026-05-01,2026-08-08,"Estilo e Sofisticação",not_delivering,"Clique de 7 dias, visualização de 1 dia ou visualização com engajamento de 1 dia",,,0,0,,30,Diário,0,Contínuo,2025-09-26,0,0,,,,,0,0,0,,,,,0,0,,
2026-05-01,2026-08-08,"Mesa Sem Graça",not_delivering,"Clique de 7 dias, visualização de 1 dia ou visualização com engajamento de 1 dia",,,0,0,,30,Diário,0,Contínuo,2025-09-26,0,0,,,,,0,0,0,,,,,0,0,,
2026-05-01,2026-08-08,"Frio Advantage - 47",not_delivering,"Clique de 7 dias, visualização de 1 dia ou visualização com engajamento de 1 dia",,,0,0,,20,Diário,0,Contínuo,2025-10-05,0,0,,,,,0,0,0,,,,,0,0,,
2026-05-01,2026-08-08,Frio,inactive,"Clique de 7 dias, visualização de 1 dia ou visualização com engajamento de 1 dia",,,0,0,,20,Diário,0,Contínuo,2025-10-05,0,0,,,,,0,0,0,,,,,0,0,,
2026-05-01,2026-08-08,Frio,not_delivering,"Clique de 7 dias, visualização de 1 dia ou visualização com engajamento de 1 dia",,,0,0,,20,Diário,0,Contínuo,2025-10-06,0,0,,,,,0,0,0,,,,,0,0,,
2026-05-01,2026-08-08,"Teste Região - Interesses",inactive,"Clique de 7 dias ou visualização de 1 dia",,,0,0,,30,Diário,0,Contínuo,2025-11-09,0,0,,,,,0,0,0,,,,,0,0,,
2026-05-01,2026-08-08,"São Paulo Capital",inactive,"Clique de 7 dias ou visualização de 1 dia",,,0,0,,30,Diário,0,Contínuo,2025-11-20,0,0,,,,,0,0,0,,,,,0,0,,
2026-05-01,2026-08-08,"Alphaville + Sp",not_delivering,"Clique de 7 dias ou visualização de 1 dia",,,0,0,,40,Diário,0,Contínuo,2025-11-22,0,0,,,,,0,0,0,,,,,0,0,,
2026-05-01,2026-08-08,"Engajamento Vídeos Natal - Mais vezes",not_delivering,"Clique de 7 dias ou visualização de 1 dia",,,0,0,,10,Diário,0,Contínuo,2025-11-23,0,0,,,,,0,0,0,,,,,0,0,,
2026-05-01,2026-08-08,"Casa e clínicas - SP",not_delivering,"Clique de 7 dias, visualização de 1 dia ou visualização com engajamento de 1 dia",,,0,0,,"Usando orçamento da campanha",0,0,Contínuo,2025-12-29,0,0,,,,,0,0,0,,,,,0,0,,
2026-05-01,2026-08-08,Brasil,not_delivering,"Clique de 7 dias, visualização de 1 dia ou visualização com engajamento de 1 dia",,,0,0,,"Usando orçamento da campanha",0,0,Contínuo,2025-12-29,0,0,,,,,0,0,0,,,,,0,0,,
2026-05-01,2026-08-08,Médico,inactive,"Clique de 7 dias ou visualização de 1 dia",,,0,0,,30,Diário,0,Contínuo,2026-01-04,0,0,,,,,0,0,0,,,,,0,0,,
2026-05-01,2026-08-08,SP,not_delivering,"Clique de 7 dias, visualização de 1 dia ou visualização com engajamento de 1 dia",,,0,0,,100,Diário,0,Contínuo,2026-01-07,0,0,,,,,0,0,0,,,,,0,0,,
2026-05-01,2026-08-08,"00 [AUTO] Nicho Clínicas",not_delivering,"Clique de 7 dias ou visualização de 1 dia",,,0,0,,20,Diário,0,Contínuo,2026-01-15,0,0,,,,,0,0,0,,,,,0,0,,
2026-05-01,2026-08-08,"01 [AUTO] Profissionais liberais",not_delivering,"Clique de 7 dias ou visualização de 1 dia",,,0,0,,20,Diário,0,Contínuo,2026-01-15,0,0,,,,,0,0,0,,,,,0,0,,
2026-05-01,2026-08-08,"00 [INSTA] Dermatologista",inactive,"Clique de 7 dias, visualização de 1 dia ou visualização com engajamento de 1 dia",,,0,0,,10,Diário,0,Contínuo,2026-01-26,0,0,,,,,0,0,0,,,,,0,0,,
2026-05-01,2026-08-08,Academia,inactive,"Clique de 7 dias ou visualização de 1 dia",,,0,0,,10,Diário,0,Contínuo,2026-02-05,0,0,,,,,0,0,0,,,,,0,0,,
2026-05-01,2026-08-08,Aberto,inactive,"Clique de 7 dias, visualização de 1 dia ou visualização com engajamento de 1 dia",,,0,0,,30,Diário,0,Contínuo,2026-02-09,0,0,,,,,0,0,0,,,,,0,0,,
2026-05-01,2026-08-08,"01 [AUTO] Look a like 1% site",inactive,"Clique de 7 dias, visualização de 1 dia ou visualização com engajamento de 1 dia",,,0,0,,30,Diário,0,Contínuo,2026-02-10,0,0,,,,,0,0,0,,,,,0,0,,
2026-05-01,2026-08-08,"Advantage+ 2",inactive,"Clique de 7 dias ou visualização de 1 dia",,,0,0,,20,Diário,0,Contínuo,2026-03-09,0,0,,,,,0,0,0,,,,,0,0,,
2026-05-01,2026-08-08,"[MENSAGEM] SDM",not_delivering,"Clique de 7 dias ou visualização de 1 dia",,,0,0,,"Usando orçamento da campanha",0,0,Contínuo,2021-10-14,0,0,,,,,0,0,0,,,,,0,0,,
2026-05-01,2026-08-08,"[TRÁFEGO] LP",not_delivering,"Clique de 7 dias ou visualização de 1 dia",,,0,0,,"Usando orçamento da campanha",0,0,Contínuo,2021-10-14,0,0,,,,,0,0,0,,,,,0,0,,
2026-05-01,2026-08-08,"[VÍDEO] LP",not_delivering,"Clique de 7 dias ou visualização de 1 dia",,,0,0,,"Usando orçamento da campanha",0,0,Contínuo,2021-10-14,0,0,,,,,0,0,0,,,,,0,0,,
2026-05-01,2026-08-08,"[TRÁFEGO] AULÃO",not_delivering,"Clique de 7 dias ou visualização de 1 dia",,,0,0,,"Usando orçamento da campanha",0,0,Contínuo,2021-11-03,0,0,,,,,0,0,0,,,,,0,0,,
2026-05-01,2026-08-08,"[TRÁFEGO] ENVOLVIDOS",not_delivering,"Clique de 7 dias ou visualização de 1 dia",,,0,0,,"Usando orçamento da campanha",0,0,Contínuo,2021-11-03,0,0,,,,,0,0,0,,,,,0,0,,
2026-05-01,2026-08-08,"Estados Unidos",not_delivering,"Clique de 7 dias, visualização de 1 dia ou visualização com engajamento de 1 dia",,,0,0,,"Usando orçamento da campanha",0,0,Contínuo,2025-02-05,0,0,,,,,0,0,0,,,,,0,0,,
2026-05-01,2026-08-08,"Frio - Advantage",not_delivering,"Clique de 7 dias, visualização de 1 dia ou visualização com engajamento de 1 dia",,,0,0,,20,Diário,0,Contínuo,2025-09-17,0,0,,,,,0,0,0,,,,,0,0,,
2026-05-01,2026-08-08,"Frio - Advantage - Vídeo",inactive,"Clique de 7 dias, visualização de 1 dia ou visualização com engajamento de 1 dia",,,0,0,,50,Diário,0,Contínuo,2025-09-17,0,0,,,,,0,0,0,,,,,0,0,,
2026-05-01,2026-08-08,Quente,not_delivering,"Clique de 7 dias, visualização de 1 dia ou visualização com engajamento de 1 dia",,,0,0,,"Usando orçamento da campanha",0,0,Contínuo,2025-09-17,0,0,,,,,0,0,0,,,,,0,0,,
2026-05-01,2026-08-08,Decoração,not_delivering,"Clique de 7 dias, visualização de 1 dia ou visualização com engajamento de 1 dia",,,0,0,,100,Diário,0,Contínuo,2025-09-19,0,0,,,,,0,0,0,,,,,0,0,,
2026-05-01,2026-08-08,"Frio Advantage",not_delivering,"Clique de 7 dias, visualização de 1 dia ou visualização com engajamento de 1 dia",,,0,0,,30,Diário,0,Contínuo,2025-09-23,0,0,,,,,0,0,0,,,,,0,0,,
2026-05-01,2026-08-08,"Antes e Depois",not_delivering,"Clique de 7 dias, visualização de 1 dia ou visualização com engajamento de 1 dia",,,0,0,,30,Diário,0,Contínuo,2025-09-26,0,0,,,,,0,0,0,,,,,0,0,,
2026-05-01,2026-08-08,"[Público AD+][Mulheres 30-55y][F]",not_delivering,"Clique de 7 dias, visualização de 1 dia ou visualização com engajamento de 1 dia",,,0,0,,15,Diário,0,Contínuo,2025-09-26,0,0,,,,,0,0,0,,,,,0,0,,
2026-05-01,2026-08-08,"[Público AD+][Mulheres 30-55y][Interesse][Coffee table + decoração][F]",not_delivering,"Clique de 7 dias, visualização de 1 dia ou visualização com engajamento de 1 dia",,,0,0,,15,Diário,0,Contínuo,2025-09-26,0,0,,,,,0,0,0,,,,,0,0,,
2026-05-01,2026-08-08,"Frio Advantage - 17",inactive,"Clique de 7 dias, visualização de 1 dia ou visualização com engajamento de 1 dia",,,0,0,,20,Diário,0,Contínuo,2025-10-09,0,0,,,,,0,0,0,,,,,0,0,,
2026-05-01,2026-08-08,Alphaville,not_delivering,"Clique de 7 dias ou visualização de 1 dia",,,0,0,,100,Diário,0,Contínuo,2025-10-29,0,0,,,,,0,0,0,,,,,0,0,,
2026-05-01,2026-08-08,"Campinas, Americana, Piracaba, Valinhos",inactive,"Clique de 7 dias ou visualização de 1 dia",,,0,0,,12,Diário,0,Contínuo,2025-10-29,0,0,,,,,0,0,0,,,,,0,0,,
2026-05-01,2026-08-08,"Advogado, Arquiteto e Contador",inactive,"Clique de 7 dias ou visualização de 1 dia",,,0,0,,30,Diário,0,Contínuo,2025-12-10,0,0,,,,,0,0,0,,,,,0,0,,
2026-05-01,2026-08-08,"Advogado, Arquiteto e Contador - SP",inactive,"Clique de 7 dias ou visualização de 1 dia",,,0,0,,15,Diário,0,Contínuo,2025-12-16,0,0,,,,,0,0,0,,,,,0,0,,
2026-05-01,2026-08-08,SP,not_delivering,"Clique de 7 dias, visualização de 1 dia ou visualização com engajamento de 1 dia",,,0,0,,50,Diário,0,Contínuo,2026-01-12,0,0,,,,,0,0,0,,,,,0,0,,
2026-05-01,2026-08-08,"00 [INSTA] Advantage+ com interesses - somente IOS",not_delivering,"Clique de 7 dias ou visualização de 1 dia",,,0,0,,25,Diário,0,Contínuo,2026-01-15,0,0,,,,,0,0,0,,,,,0,0,,
2026-05-01,2026-08-08,"00 [AUTO] Mix de publicos quentes + look a like",inactive,"Clique de 7 dias, visualização de 1 dia ou visualização com engajamento de 1 dia",,,0,0,,30,Diário,0,Contínuo,2026-01-15,0,0,,,,,0,0,0,,,,,0,0,,
2026-05-01,2026-08-08,"Noivas - SP",inactive,"Clique de 7 dias ou visualização de 1 dia",,,0,0,,"Usando orçamento da campanha",0,0,Contínuo,2026-01-15,0,0,,,,,0,0,0,,,,,0,0,,
2026-05-01,2026-08-08,"00 [INSTA] Viu vídeo Camila e não segue",not_delivering,"Clique de 7 dias ou visualização de 1 dia",,,0,0,,10,Diário,0,Contínuo,2026-01-26,0,0,,,,,0,0,0,,,,,0,0,,
2026-05-01,2026-08-08,"Advantage+ - Página V2",inactive,"Clique de 7 dias, visualização de 1 dia ou visualização com engajamento de 1 dia",,,0,0,,30,Diário,0,Contínuo,2026-03-23,0,0,,,,,0,0,0,,,,,0,0,,
2026-05-01,2026-08-08,"[TRÁFEGO] BLACK FRIDAY",not_delivering,"Clique de 7 dias ou visualização de 1 dia",,,0,0,,"Usando orçamento da campanha",0,0,Contínuo,2021-11-10,0,0,,,,,0,0,0,,,,,0,0,,
2026-05-01,2026-08-08,"[TRÁFEGO] Venda Black - SDE",not_delivering,"Clique de 7 dias ou visualização de 1 dia",,,0,0,,"Usando orçamento da campanha",0,0,Contínuo,2021-11-18,0,0,,,,,0,0,0,,,,,0,0,,
2026-05-01,2026-08-08,"[CONVERSÃO] OSDE - BLACK",not_delivering,"Clique de 7 dias ou visualização de 1 dia",,,0,0,,"Usando orçamento da campanha",0,0,Contínuo,2021-11-23,0,0,,,,,0,0,0,,,,,0,0,,
2026-05-01,2026-08-08,"[CONVERSÃO] OSDE",not_delivering,"Clique de 7 dias ou visualização de 1 dia",,,0,0,,"Usando orçamento da campanha",0,0,Contínuo,2021-12-01,0,0,,,,,0,0,0,,,,,0,0,,
2026-05-01,2026-08-08,"[CONVERSÃO] OSDE - V2",not_delivering,"Clique de 7 dias",,,0,0,,20,Diário,0,Contínuo,2021-12-04,0,0,,,,,0,0,0,,,,,0,0,,
2026-05-01,2026-08-08,"[CONVERSÃO] OSDE - V3",not_delivering,"Clique de 7 dias ou visualização de 1 dia",,,0,0,,"Usando orçamento da campanha",0,0,Contínuo,2021-12-06,0,0,,,,,0,0,0,,,,,0,0,,
2026-05-01,2026-08-08,"[CONVERSÃO] OSDE - V4",not_delivering,"Clique de 7 dias ou visualização de 1 dia",,,0,0,,"Usando orçamento da campanha",0,0,Contínuo,2021-12-06,0,0,,,,,0,0,0,,,,,0,0,,
2026-05-01,2026-08-08,"[CONVERSÃO] OSDE - V5",not_delivering,"Clique de 7 dias ou visualização de 1 dia",,,0,0,,"Usando orçamento da campanha",0,0,Contínuo,2021-12-07,0,0,,,,,0,0,0,,,,,0,0,,
2026-05-01,2026-08-08,"[CONVERSÃO] OSDE - V6",not_delivering,"Clique de 7 dias ou visualização de 1 dia",,,0,0,,"Usando orçamento da campanha",0,0,Contínuo,2021-12-07,0,0,,,,,0,0,0,,,,,0,0,,
2026-05-01,2026-08-08,"[CONVERSÃO] OSDE - V7",not_delivering,"Clique de 7 dias ou visualização de 1 dia",,,0,0,,"Usando orçamento da campanha",0,0,Contínuo,2021-12-07,0,0,,,,,0,0,0,,,,,0,0,,
2026-05-01,2026-08-08,"[CONVERSÃO] OSDE - V8",not_delivering,"Clique de 7 dias ou visualização de 1 dia",,,0,0,,"Usando orçamento da campanha",0,0,Contínuo,2021-12-07,0,0,,,,,0,0,0,,,,,0,0,,
2026-05-01,2026-08-08,"[CONVERSÃO] OSDE - V9",not_delivering,"Clique de 7 dias ou visualização de 1 dia",,,0,0,,"Usando orçamento da campanha",0,0,Contínuo,2021-12-07,0,0,,,,,0,0,0,,,,,0,0,,
2026-05-01,2026-08-08,"[VISUALIZAÇÃO] OSDE - Depoimentos",not_delivering,"Clique de 7 dias ou visualização de 1 dia",,,0,0,,"Usando orçamento da campanha",0,0,Contínuo,2021-12-08,0,0,,,,,0,0,0,,,,,0,0,,
2026-05-01,2026-08-08,"[CONVERSÃO] REMARTKETING",not_delivering,"Clique de 7 dias ou visualização de 1 dia",,,0,0,,60,Diário,0,Contínuo,2021-12-09,0,0,,,,,0,0,0,,,,,0,0,,
2026-05-01,2026-08-08,"[CONVERSÃO] OSDE - Visitantes",not_delivering,"Clique de 7 dias ou visualização de 1 dia",,,0,0,,40,Diário,0,Contínuo,2021-12-11,0,0,,,,,0,0,0,,,,,0,0,,
2026-05-01,2026-08-08,"[TRÁFEGO] OSDE - FB",not_delivering,"Clique de 7 dias ou visualização de 1 dia",,,0,0,,"Usando orçamento da campanha",0,0,Contínuo,2021-12-13,0,0,,,,,0,0,0,,,,,0,0,,
2026-05-01,2026-08-08,"[CONVERSÃO] OSDE - Semelhante",not_delivering,"Clique de 7 dias ou visualização de 1 dia",,,0,0,,"Usando orçamento da campanha",0,0,Contínuo,2021-12-13,0,0,,,,,0,0,0,,,,,0,0,,
2026-05-01,2026-08-08,"[TRÁFEGO] Famosos",not_delivering,"Clique de 7 dias ou visualização de 1 dia",,,0,0,,"Usando orçamento da campanha",0,0,Contínuo,2021-12-16,0,0,,,,,0,0,0,,,,,0,0,,
2026-05-01,2026-08-08,"[CONVERSÃO] OSDE - Engajados",not_delivering,"Clique de 7 dias ou visualização de 1 dia",,,0,0,,"Usando orçamento da campanha",0,0,Contínuo,2021-12-20,0,0,,,,,0,0,0,,,,,0,0,,
2026-05-01,2026-08-08,"[VISUALIZAÇÃO] Processo Anitta",not_delivering,"Clique de 7 dias ou visualização de 1 dia",,,0,0,,"Usando orçamento da campanha",0,0,Contínuo,2021-12-28,0,0,,,,,0,0,0,,,,,0,0,,
2026-05-01,2026-08-08,"[VISUALIZAÇÃO] Explicando emoções",not_delivering,"Clique de 7 dias ou visualização de 1 dia",,,0,0,,"Usando orçamento da campanha",0,0,Contínuo,2021-12-29,0,0,,,,,0,0,0,,,,,0,0,,
2026-05-01,2026-08-08,"[CONVERSÃO] OSDE - Explicação",not_delivering,"Clique de 7 dias ou visualização de 1 dia",,,0,0,,"Usando orçamento da campanha",0,0,Contínuo,2021-12-29,0,0,,,,,0,0,0,,,,,0,0,,
2026-05-01,2026-08-08,"[CONVERSÃO] OSDE - Explicação - Envolvidos",not_delivering,"Clique de 7 dias ou visualização de 1 dia",,,0,0,,"Usando orçamento da campanha",0,0,Contínuo,2021-12-29,0,0,,,,,0,0,0,,,,,0,0,,
2026-05-01,2026-08-08,"[CONVERSÃO] OSDE - Thruplay",not_delivering,"Clique de 7 dias ou visualização de 1 dia",,,0,0,,"Usando orçamento da campanha",0,0,Contínuo,2022-01-01,0,0,,,,,0,0,0,,,,,0,0,,
2026-05-01,2026-08-08,"[CONVERSÃO] OSDE - 24 horas",not_delivering,"Clique de 7 dias ou visualização de 1 dia",,,0,0,,"Usando orçamento da campanha",0,0,Contínuo,2022-01-02,0,0,,,,,0,0,0,,,,,0,0,,
2026-05-01,2026-08-08,"[VISUALIZAÇÃO] Reflexão sociedade",not_delivering,"Clique de 7 dias ou visualização de 1 dia",,,0,0,,"Usando orçamento da campanha",0,0,Contínuo,2022-01-05,0,0,,,,,0,0,0,,,,,0,0,,
2026-05-01,2026-08-08,"[CONVERSÃO] OSDE - Virada",not_delivering,"Clique de 7 dias ou visualização de 1 dia",,,0,0,,"Usando orçamento da campanha",0,0,Contínuo,2022-01-05,0,0,,,,,0,0,0,,,,,0,0,,
2026-05-01,2026-08-08,"[CONVERSÃO] OSDE - 24 horas — Engajados",not_delivering,"Clique de 7 dias ou visualização de 1 dia",,,0,0,,"Usando orçamento da campanha",0,0,Contínuo,2022-01-08,0,0,,,,,0,0,0,,,,,0,0,,
2026-05-01,2026-08-08,"[CONVERSÃO] OSDE - Anitta",not_delivering,"Clique de 7 dias ou visualização de 1 dia",,,0,0,,30,Diário,0,Contínuo,2022-01-08,0,0,,,,,0,0,0,,,,,0,0,,
2026-05-01,2026-08-08,"[CONVERSÃO] OSDE - Anitta — Thruplay",not_delivering,"Clique de 7 dias ou visualização de 1 dia",,,0,0,,30,Diário,0,Contínuo,2022-01-08,0,0,,,,,0,0,0,,,,,0,0,,
2026-05-01,2026-08-08,"[VISUALIZAÇÃO] Thaís",not_delivering,"Clique de 7 dias ou visualização de 1 dia",,,0,0,,"Usando orçamento da campanha",0,0,Contínuo,2022-01-09,0,0,,,,,0,0,0,,,,,0,0,,
2026-05-01,2026-08-08,"[MMM] [CONVERSÃO]",not_delivering,"Clique de 7 dias ou visualização de 1 dia",,,0,0,,50,Diário,0,Contínuo,2022-01-13,0,0,,,,,0,0,0,,,,,0,0,,
2026-05-01,2026-08-08,"[MMM] [CONVERSÃO] — Mayra",not_delivering,"Clique de 7 dias ou visualização de 1 dia",,,0,0,,50,Diário,0,Contínuo,2022-01-13,0,0,,,,,0,0,0,,,,,0,0,,
2026-05-01,2026-08-08,"[AFILIAGRAM] [CONVERSÃO]",not_delivering,"Clique de 7 dias ou visualização de 1 dia",,,0,0,,"Usando orçamento da campanha",0,0,Contínuo,2022-01-13,0,0,,,,,0,0,0,,,,,0,0,,
2026-05-01,2026-08-08,"[TRÁFEGO] LISTA DE ESPERA",not_delivering,"Clique de 7 dias ou visualização de 1 dia",,,0,0,,"Usando orçamento da campanha",0,0,Contínuo,2022-01-17,0,0,,,,,0,0,0,,,,,0,0,,
2026-05-01,2026-08-08,"[ALCANCE] LISTA DE ESPERA",not_delivering,"Clique de 7 dias ou visualização de 1 dia",,,0,0,,"Usando orçamento da campanha",0,0,Contínuo,2022-01-17,0,0,,,,,0,0,0,,,,,0,0,,
2026-05-01,2026-08-08,"[CONVERSÃO] OSDE NOVA",not_delivering,"Clique de 7 dias ou visualização de 1 dia",,,0,0,,"Usando orçamento da campanha",0,0,Contínuo,2022-02-23,0,0,,,,,0,0,0,,,,,0,0,,
2026-05-01,2026-08-08,"[CONVERSÃO] OSDE NOVA 2",not_delivering,"Clique de 7 dias ou visualização de 1 dia",,,0,0,,"Usando orçamento da campanha",0,0,Contínuo,2022-02-23,0,0,,,,,0,0,0,,,,,0,0,,
2026-05-01,2026-08-08,"[CONVERSÃO] OSDE NOVA - 24horas - Engajados",not_delivering,"Clique de 7 dias ou visualização de 1 dia",,,0,0,,"Usando orçamento da campanha",0,0,Contínuo,2022-02-23,0,0,,,,,0,0,0,,,,,0,0,,
2026-05-01,2026-08-08,"[CONVERSÃO] OSDE NOVA - 24horas - PA",not_delivering,"Clique de 7 dias ou visualização de 1 dia",,,0,0,,"Usando orçamento da campanha",0,0,Contínuo,2022-02-23,0,0,,,,,0,0,0,,,,,0,0,,
2026-05-01,2026-08-08,"[CONVERSÃO] OSDE NOVA - Anitta - Engajados",not_delivering,"Clique de 7 dias ou visualização de 1 dia",,,0,0,,"Usando orçamento da campanha",0,0,Contínuo,2022-02-25,0,0,,,,,0,0,0,,,,,0,0,,
2026-05-01,2026-08-08,"[CONVERSÃO] OSDE NOVA - Anitta - PA",not_delivering,"Clique de 7 dias ou visualização de 1 dia",,,0,0,,"Usando orçamento da campanha",0,0,Contínuo,2022-02-25,0,0,,,,,0,0,0,,,,,0,0,,
2026-05-01,2026-08-08,"[CONVERSÃO] OSDE NOVA - Thais - PA",not_delivering,"Clique de 7 dias ou visualização de 1 dia",,,0,0,,"Usando orçamento da campanha",0,0,Contínuo,2022-02-25,0,0,,,,,0,0,0,,,,,0,0,,
2026-05-01,2026-08-08,"[CONVERSÃO] OSDE NOVA - Thais - ENJ",not_delivering,"Clique de 7 dias ou visualização de 1 dia",,,0,0,,"Usando orçamento da campanha",0,0,Contínuo,2022-02-25,0,0,,,,,0,0,0,,,,,0,0,,
2026-05-01,2026-08-08,"[CONVERSÃO] OSDE NOVA 2 - PA",not_delivering,"Clique de 7 dias ou visualização de 1 dia",,,0,0,,"Usando orçamento da campanha",0,0,Contínuo,2022-02-27,0,0,,,,,0,0,0,,,,,0,0,,
2026-05-01,2026-08-08,"[CONVERSÃO] OSDE NOVA 2 - Engajados",not_delivering,"Clique de 7 dias ou visualização de 1 dia",,,0,0,,"Usando orçamento da campanha",0,0,Contínuo,2022-02-27,0,0,,,,,0,0,0,,,,,0,0,,
2026-05-01,2026-08-08,"[CONVERSÃO] REMARTKETING NOVA",not_delivering,"Clique de 7 dias ou visualização de 1 dia",,,0,0,,"Usando orçamento da campanha",0,0,Contínuo,2022-03-06,0,0,,,,,0,0,0,,,,,0,0,,
2026-05-01,2026-08-08,"[WPP] OSDE NOVA",not_delivering,"Clique de 7 dias ou visualização de 1 dia",,,0,0,,"Usando orçamento da campanha",0,0,Contínuo,2022-03-07,0,0,,,,,0,0,0,,,,,0,0,,
2026-05-01,2026-08-08,"[CONVERSÃO] OSDE NOVA 3",not_delivering,"Clique de 7 dias ou visualização de 1 dia",,,0,0,,"Usando orçamento da campanha",0,0,Contínuo,2022-03-07,0,0,,,,,0,0,0,,,,,0,0,,
2026-05-01,2026-08-08,"[CONVERSÃO] OSDE NOVA 4",not_delivering,"Clique de 7 dias ou visualização de 1 dia",,,0,0,,"Usando orçamento da campanha",0,0,Contínuo,2022-03-08,0,0,,,,,0,0,0,,,,,0,0,,
2026-05-01,2026-08-08,"[CONVERSÃO] OSDE - Semelhantes",not_delivering,"Clique de 7 dias ou visualização de 1 dia",,,0,0,,"Usando orçamento da campanha",0,0,Contínuo,2022-03-08,0,0,,,,,0,0,0,,,,,0,0,,
2026-05-01,2026-08-08,"[WPP] RAFAELA",not_delivering,"Clique de 7 dias ou visualização de 1 dia",,,0,0,,"Usando orçamento da campanha",0,0,Contínuo,2022-03-14,0,0,,,,,0,0,0,,,,,0,0,,
2026-05-01,2026-08-08,"[WPP] RAFAELA — Engajados",not_delivering,"Clique de 7 dias ou visualização de 1 dia",,,0,0,,"Usando orçamento da campanha",0,0,Contínuo,2022-03-14,0,0,,,,,0,0,0,,,,,0,0,,
2026-05-01,2026-08-08,"[RP] [CONVERSÃO] - Aberto",not_delivering,"Clique de 7 dias ou visualização de 1 dia",,,0,0,,80,Diário,0,Contínuo,2022-03-27,0,0,,,,,0,0,0,,,,,0,0,,
2026-05-01,2026-08-08,"[RP] [CONVERSÃO] - Hotmart",inactive,"Clique de 7 dias ou visualização de 1 dia",,,0,0,,80,Diário,0,Contínuo,2022-03-27,0,0,,,,,0,0,0,,,,,0,0,,
2026-05-01,2026-08-08,"[RP] [CONVERSÃO] - Culinária Italiana",inactive,"Clique de 7 dias ou visualização de 1 dia",,,0,0,,80,Diário,0,Contínuo,2022-03-27,0,0,,,,,0,0,0,,,,,0,0,,
2026-05-01,2026-08-08,"[RP] [CONVERSÃO] - Livro de Cozinha",not_delivering,"Clique de 7 dias ou visualização de 1 dia",,,0,0,,80,Diário,0,Contínuo,2022-03-28,0,0,,,,,0,0,0,,,,,0,0,,
2026-05-01,2026-08-08,"[RP] [CONVERSÃO] - Vinho",not_delivering,"Clique de 7 dias ou visualização de 1 dia",,,0,0,,80,Diário,0,Contínuo,2022-03-28,0,0,,,,,0,0,0,,,,,0,0,,
2026-05-01,2026-08-08,"[VISUALIZAÇÃO DE VÍDEO] [MARCOS] - PA",not_delivering,"Clique de 7 dias ou visualização de 1 dia",,,0,0,,"Usando orçamento da campanha",0,0,Contínuo,2022-09-11,0,0,,,,,0,0,0,,,,,0,0,,
2026-05-01,2026-08-08,"[VISUALIZAÇÃO DE VÍDEO] [MARCOS] - Hair",not_delivering,"Clique de 7 dias ou visualização de 1 dia",,,0,0,,"Usando orçamento da campanha",0,0,Contínuo,2022-09-11,0,0,,,,,0,0,0,,,,,0,0,,
2026-05-01,2026-08-08,"[ENGAJAMENTO] [MARCOS] - PA",not_delivering,"Clique de 7 dias ou visualização de 1 dia",,,0,0,,"Usando orçamento da campanha",0,0,Contínuo,2022-09-12,0,0,,,,,0,0,0,,,,,0,0,,
2026-05-01,2026-08-08,"[ENGAJAMENTO] [MARCOS] - Marcas",not_delivering,"Clique de 7 dias ou visualização de 1 dia",,,0,0,,"Usando orçamento da campanha",0,0,Contínuo,2022-09-12,0,0,,,,,0,0,0,,,,,0,0,,
2026-05-01,2026-08-08,"02 - ENVOLVIMENTO - 60D",not_delivering,"Clique de 7 dias ou visualização de 1 dia",,,0,0,,20,Diário,0,Contínuo,2022-09-29,0,0,,,,,0,0,0,,,,,0,0,,
2026-05-01,2026-08-08,"05 - ENVOLVIMENTO - 365D",not_delivering,"Clique de 7 dias ou visualização de 1 dia",,,0,0,,30,Diário,0,Contínuo,2022-09-29,0,0,,,,,0,0,0,,,,,0,0,,
2026-05-01,2026-08-08,"00 - PANTENE - SEDA",not_delivering,"Clique de 7 dias ou visualização de 1 dia",,,0,0,,35,Diário,0,Contínuo,2022-09-29,0,0,,,,,0,0,0,,,,,0,0,,
2026-05-01,2026-08-08,"00 - VIU PÁGINA DE CAPTURA",not_delivering,"Clique de 7 dias ou visualização de 1 dia",,,0,0,,20,Diário,0,Contínuo,2022-09-29,0,0,,,,,0,0,0,,,,,0,0,,
2026-05-01,2026-08-08,"00 - CUIDADOS PARA CABELOS - PENTEADOS",not_delivering,"Clique de 7 dias ou visualização de 1 dia",,,0,0,,35,Diário,0,Contínuo,2022-09-29,0,0,,,,,0,0,0,,,,,0,0,,
2026-05-01,2026-08-08,"00 - CONDICIONADOR - XAMPU",not_delivering,"Clique de 7 dias ou visualização de 1 dia",,,0,0,,35,Diário,0,Contínuo,2022-09-29,0,0,,,,,0,0,0,,,,,0,0,,
2026-05-01,2026-08-08,"01 - ENVOLVIMENTO - 30D",not_delivering,"Clique de 7 dias ou visualização de 1 dia",,,0,0,,20,Diário,0,Contínuo,2022-09-29,0,0,,,,,0,0,0,,,,,0,0,,
2026-05-01,2026-08-08,"04 - ENVOLVIMENTO - 180D",not_delivering,"Clique de 7 dias ou visualização de 1 dia",,,0,0,,20,Diário,0,Contínuo,2022-09-29,0,0,,,,,0,0,0,,,,,0,0,,
2026-05-01,2026-08-08,"03 - ENVOLVIMENTO - 90D",not_delivering,"Clique de 7 dias ou visualização de 1 dia",,,0,0,,20,Diário,0,Contínuo,2022-09-29,0,0,,,,,0,0,0,,,,,0,0,,
2026-05-01,2026-08-08,"00 - CABELOS NATURAIS - PRODUTOS PARA CABELOS",not_delivering,"Clique de 7 dias ou visualização de 1 dia",,,0,0,,35,Diário,0,Contínuo,2022-09-29,0,0,,,,,0,0,0,,,,,0,0,,
2026-05-01,2026-08-08,"00 - LOREAL PROFISSIONAL - TRESEMMÉ",not_delivering,"Clique de 7 dias ou visualização de 1 dia",,,0,0,,35,Diário,0,Contínuo,2022-09-29,0,0,,,,,0,0,0,,,,,0,0,,
2026-05-01,2026-08-08,"00 - NIVEA - LONG HAIR",not_delivering,"Clique de 7 dias ou visualização de 1 dia",,,0,0,,35,Diário,0,Contínuo,2022-09-29,0,0,,,,,0,0,0,,,,,0,0,,
2026-05-01,2026-08-08,"00 - TINTURA DE CABELOS - SALÃO DE BELEZA",not_delivering,"Clique de 7 dias ou visualização de 1 dia",,,0,0,,35,Diário,0,Contínuo,2022-09-29,0,0,,,,,0,0,0,,,,,0,0,,
2026-05-01,2026-08-08,"00 - DOVE - WELLA",not_delivering,"Clique de 7 dias ou visualização de 1 dia",,,0,0,,35,Diário,0,Contínuo,2022-09-29,0,0,,,,,0,0,0,,,,,0,0,,
2026-05-01,2026-08-08,"00 - CABELOS NATURAIS - PRODUTOS PARA CABELOS",not_delivering,"Clique de 7 dias ou visualização de 1 dia",,,0,0,,35,Diário,0,Contínuo,2022-09-29,0,0,,,,,0,0,0,,,,,0,0,,
2026-05-01,2026-08-08,"00 - TRESEMMÉ - GARNIE",not_delivering,"Clique de 7 dias ou visualização de 1 dia",,,0,0,,35,Diário,0,Contínuo,2022-09-29,0,0,,,,,0,0,0,,,,,0,0,,
2026-05-01,2026-08-08,"00 - CABELOS NATURAIS - PRODUTOS PARA CABELOS",not_delivering,"Clique de 7 dias ou visualização de 1 dia",,,0,0,,30,Diário,0,Contínuo,2022-09-30,0,0,,,,,0,0,0,,,,,0,0,,
2026-05-01,2026-08-08,"00 - DOVE - WELLA",not_delivering,"Clique de 7 dias ou visualização de 1 dia",,,0,0,,30,Diário,0,Contínuo,2022-09-30,0,0,,,,,0,0,0,,,,,0,0,,
2026-05-01,2026-08-08,"00 - NIVEA - LONG HAIR",not_delivering,"Clique de 7 dias ou visualização de 1 dia",,,0,0,,30,Diário,0,Contínuo,2022-09-30,0,0,,,,,0,0,0,,,,,0,0,,
2026-05-01,2026-08-08,"00 - TINTURA DE CABELOS - SALÃO DE BELEZA",not_delivering,"Clique de 7 dias ou visualização de 1 dia",,,0,0,,30,Diário,0,Contínuo,2022-09-30,0,0,,,,,0,0,0,,,,,0,0,,
2026-05-01,2026-08-08,"00 - LOREAL PROFISSIONAL - TRESEMMÉ",not_delivering,"Clique de 7 dias ou visualização de 1 dia",,,0,0,,30,Diário,0,Contínuo,2022-09-30,0,0,,,,,0,0,0,,,,,0,0,,
2026-05-01,2026-08-08,"00 - CUIDADOS PARA CABELOS - PENTEADOS",not_delivering,"Clique de 7 dias ou visualização de 1 dia",,,0,0,,30,Diário,0,Contínuo,2022-09-30,0,0,,,,,0,0,0,,,,,0,0,,
2026-05-01,2026-08-08,"00 - CONDICIONADOR - XAMPU",not_delivering,"Clique de 7 dias ou visualização de 1 dia",,,0,0,,30,Diário,0,Contínuo,2022-09-30,0,0,,,,,0,0,0,,,,,0,0,,
2026-05-01,2026-08-08,"00 - CABELOS NATURAIS - PRODUTOS PARA CABELOS",not_delivering,"Clique de 7 dias ou visualização de 1 dia",,,0,0,,30,Diário,0,Contínuo,2022-09-30,0,0,,,,,0,0,0,,,,,0,0,,
2026-05-01,2026-08-08,"00 - PANTENE - SEDA",not_delivering,"Clique de 7 dias ou visualização de 1 dia",,,0,0,,30,Diário,0,Contínuo,2022-09-30,0,0,,,,,0,0,0,,,,,0,0,,
2026-05-01,2026-08-08,"00 - TRESEMMÉ - GARNIE",not_delivering,"Clique de 7 dias ou visualização de 1 dia",,,0,0,,30,Diário,0,Contínuo,2022-09-30,0,0,,,,,0,0,0,,,,,0,0,,
2026-05-01,2026-08-08,"01 - LOREAL PROFISSIONAL - TRESEMMÉ - 006 - 005",not_delivering,"Clique de 7 dias ou visualização de 1 dia",,,0,0,,40,Diário,0,Contínuo,2022-10-03,0,0,,,,,0,0,0,,,,,0,0,,
2026-05-01,2026-08-08,"02 - LOREAL PROFISSIONAL - TRESEMMÉ -  007 - 009",not_delivering,"Clique de 7 dias ou visualização de 1 dia",,,0,0,,30,Diário,0,Contínuo,2022-10-03,0,0,,,,,0,0,0,,,,,0,0,,
2026-05-01,2026-08-08,"03 - LOREAL PROFISSIONAL - TRESEMMÉ - 010 - 011",inactive,"Clique de 7 dias ou visualização de 1 dia",,,0,0,,30,Diário,0,Contínuo,2022-10-03,0,0,,,,,0,0,0,,,,,0,0,,
2026-05-01,2026-08-08,"04 - LOREAL PROFISSIONAL - TRESEMMÉ - 012",inactive,"Clique de 7 dias ou visualização de 1 dia",,,0,0,,30,Diário,0,Contínuo,2022-10-03,0,0,,,,,0,0,0,,,,,0,0,,
2026-05-01,2026-08-08,"00 - DOVE - WELLA",not_delivering,"Clique de 7 dias ou visualização de 1 dia",,,0,0,,20,Diário,0,Contínuo,2022-10-04,0,0,,,,,0,0,0,,,,,0,0,,
2026-05-01,2026-08-08,"00 - CABELOS NATURAIS - PRODUTOS PARA CABELOS",not_delivering,"Clique de 7 dias ou visualização de 1 dia",,,0,0,,20,Diário,0,Contínuo,2022-10-04,0,0,,,,,0,0,0,,,,,0,0,,
2026-05-01,2026-08-08,"00 - CABELOS NATURAIS - PRODUTOS PARA CABELOS",not_delivering,"Clique de 7 dias ou visualização de 1 dia",,,0,0,,20,Diário,0,Contínuo,2022-10-04,0,0,,,,,0,0,0,,,,,0,0,,
2026-05-01,2026-08-08,"00 - CUIDADOS PARA CABELOS - PENTEADOS",not_delivering,"Clique de 7 dias ou visualização de 1 dia",,,0,0,,20,Diário,0,Contínuo,2022-10-04,0,0,,,,,0,0,0,,,,,0,0,,
2026-05-01,2026-08-08,"00 - LOREAL PROFISSIONAL - TRESEMMÉ",not_delivering,"Clique de 7 dias ou visualização de 1 dia",,,0,0,,20,Diário,0,Contínuo,2022-10-04,0,0,,,,,0,0,0,,,,,0,0,,
2026-05-01,2026-08-08,"00 - PANTENE - SEDA",inactive,"Clique de 7 dias ou visualização de 1 dia",,,0,0,,20,Diário,0,Contínuo,2022-10-04,0,0,,,,,0,0,0,,,,,0,0,,
2026-05-01,2026-08-08,"00 - ABERTO",not_delivering,"Clique de 7 dias ou visualização de 1 dia",,,0,0,,20,Diário,0,Contínuo,2022-10-06,0,0,,,,,0,0,0,,,,,0,0,,
2026-05-01,2026-08-08,"04 - CABELOS NATURAIS  - PRODUTOS PARA CABELOS - 013 - 014",not_delivering,"Clique de 7 dias ou visualização de 1 dia",,,0,0,,45,Diário,0,Contínuo,2022-10-07,0,0,,,,,0,0,0,,,,,0,0,,
2026-05-01,2026-08-08,"06 - CABELOS NATURAIS  - PRODUTOS PARA CABELOS - 013 - 014  - ESCALA",not_delivering,"Clique de 7 dias ou visualização de 1 dia",,,0,0,,45,Diário,0,Contínuo,2022-10-10,0,0,,,,,0,0,0,,,,,0,0,,
2026-05-01,2026-08-08,"07 - CABELOS NATURAIS  - PRODUTOS PARA CABELOS - 013 - 014  - ESCALA  02",not_delivering,"Clique de 7 dias ou visualização de 1 dia",,,0,0,,45,Diário,0,Contínuo,2022-10-10,0,0,,,,,0,0,0,,,,,0,0,,
2026-05-01,2026-08-08,"02 - CABELOS NATURAIS  - PRODUTOS PARA CABELOS - 013 - 014  - ESCALA",not_delivering,"Clique de 7 dias ou visualização de 1 dia",,,0,0,,30,Diário,0,Contínuo,2022-10-10,0,0,,,,,0,0,0,,,,,0,0,,
2026-05-01,2026-08-08,"03 - CABELOS NATURAIS  - PRODUTOS PARA CABELOS - 013 - 014  - ESCALA",not_delivering,"Clique de 7 dias ou visualização de 1 dia",,,0,0,,30,Diário,0,Contínuo,2022-10-10,0,0,,,,,0,0,0,,,,,0,0,,
2026-05-01,2026-08-08,"01 - CABELOS NATURAIS  - PRODUTOS PARA CABELOS - 013 - 014 - ESCALA",not_delivering,"Clique de 7 dias ou visualização de 1 dia",,,0,0,,30,Diário,0,Contínuo,2022-10-10,0,0,,,,,0,0,0,,,,,0,0,,
2026-05-01,2026-08-08,"04 - CABELOS NATURAIS  - PRODUTOS PARA CABELOS - 013 - 014  - ESCALA",not_delivering,"Clique de 7 dias ou visualização de 1 dia",,,0,0,,30,Diário,0,Contínuo,2022-10-10,0,0,,,,,0,0,0,,,,,0,0,,
2026-05-01,2026-08-08,"05 - CABELOS NATURAIS  - PRODUTOS PARA CABELOS - 013 - 014  - ESCALA",not_delivering,"Clique de 7 dias ou visualização de 1 dia",,,0,0,,30,Diário,0,Contínuo,2022-10-10,0,0,,,,,0,0,0,,,,,0,0,,
2026-05-01,2026-08-08,"02 - ENVOLVIMENTO 60D + VIU PAGINA DE CAPTURA",not_delivering,"Clique de 7 dias ou visualização de 1 dia",,,0,0,,15,Diário,0,Contínuo,2022-10-13,0,0,,,,,0,0,0,,,,,0,0,,
2026-05-01,2026-08-08,"03 - ENVOLVIMENTO 365D",not_delivering,"Clique de 7 dias ou visualização de 1 dia",,,0,0,,15,Diário,0,Contínuo,2022-10-13,0,0,,,,,0,0,0,,,,,0,0,,
2026-05-01,2026-08-08,"01 - VIU PAGINA DE OBRIGADO",not_delivering,"Clique de 7 dias ou visualização de 1 dia",,,0,0,,15,Diário,0,Contínuo,2022-10-13,0,0,,,,,0,0,0,,,,,0,0,,
2026-05-01,2026-08-08,"01 - CABELOS NATURAIS  - PRODUTOS PARA CABELOS - 013 - 014  - TODOS OS IDIOMAS",not_delivering,"Clique de 7 dias ou visualização de 1 dia",,,0,0,,30,Diário,0,Contínuo,2022-10-14,0,0,,,,,0,0,0,,,,,0,0,,
2026-05-01,2026-08-08,"04 - LONG HAIR - TINTURA PARA CABELOS 013 - 014 - IDIOMA EM PORTUGUÊS",not_delivering,"Clique de 7 dias ou visualização de 1 dia",,,0,0,,30,Diário,0,Contínuo,2022-10-14,0,0,,,,,0,0,0,,,,,0,0,,
2026-05-01,2026-08-08,"02 - SALÃO DE BELEZA  - CUIDADOS PARA CABELOS - 013 - 014 - IDIOMA PORTUGUÊS",not_delivering,"Clique de 7 dias ou visualização de 1 dia",,,0,0,,30,Diário,0,Contínuo,2022-10-14,0,0,,,,,0,0,0,,,,,0,0,,
2026-05-01,2026-08-08,"03 - SALÃO DE BELEZA  - CUIDADOS PARA CABELOS - 013 - 014 TODOS OS IDIOMAS",not_delivering,"Clique de 7 dias ou visualização de 1 dia",,,0,0,,30,Diário,0,Contínuo,2022-10-14,0,0,,,,,0,0,0,,,,,0,0,,
2026-05-01,2026-08-08,"02 - ENVOLVIMENTO 60D + VIU PAGINA DE CAPTURA",not_delivering,"Clique de 7 dias ou visualização de 1 dia",,,0,0,,35,Diário,0,Contínuo,2022-10-17,0,0,,,,,0,0,0,,,,,0,0,,
2026-05-01,2026-08-08,"01 - CADASTRADOS",not_delivering,"Clique de 7 dias ou visualização de 1 dia",,,0,0,,35,Diário,0,Contínuo,2022-10-17,0,0,,,,,0,0,0,,,,,0,0,,
2026-05-01,2026-08-08,"03 - ENVOLVIMENTO 365D",not_delivering,"Clique de 7 dias ou visualização de 1 dia",,,0,0,,35,Diário,0,Contínuo,2022-10-17,0,0,,,,,0,0,0,,,,,0,0,,
2026-05-01,2026-08-08,"02 - ENVOLVIMENTO 60D + VIU PAGINA DE CAPTURA",not_delivering,"Clique de 7 dias ou visualização de 1 dia",,,0,0,,15,Diário,0,Contínuo,2022-10-17,0,0,,,,,0,0,0,,,,,0,0,,
2026-05-01,2026-08-08,"03 - ENVOLVIMENTO 365D",not_delivering,"Clique de 7 dias ou visualização de 1 dia",,,0,0,,15,Diário,0,Contínuo,2022-10-17,0,0,,,,,0,0,0,,,,,0,0,,
2026-05-01,2026-08-08,"01 - VIU PAGINA DE OBRIGADO",not_delivering,"Clique de 7 dias ou visualização de 1 dia",,,0,0,,15,Diário,0,Contínuo,2022-10-17,0,0,,,,,0,0,0,,,,,0,0,,
2026-05-01,2026-08-08,"01 - CADASTRADOS",not_delivering,"Clique de 7 dias ou visualização de 1 dia",,,0,0,,"Usando orçamento da campanha",0,0,Contínuo,2022-10-18,0,0,,,,,0,0,0,,,,,0,0,,
2026-05-01,2026-08-08,"02 - ENVOLVIMENTO 30D",not_delivering,"Clique de 7 dias ou visualização de 1 dia",,,0,0,,"Usando orçamento da campanha",0,0,Contínuo,2022-10-18,0,0,,,,,0,0,0,,,,,0,0,,
2026-05-01,2026-08-08,"03 - ENVOLVIMENTO 60D",not_delivering,"Clique de 7 dias ou visualização de 1 dia",,,0,0,,"Usando orçamento da campanha",0,0,Contínuo,2022-10-18,0,0,,,,,0,0,0,,,,,0,0,,
2026-05-01,2026-08-08,"04 - ENVOLVIMENTO 90D",not_delivering,"Clique de 7 dias ou visualização de 1 dia",,,0,0,,"Usando orçamento da campanha",0,0,Contínuo,2022-10-18,0,0,,,,,0,0,0,,,,,0,0,,
2026-05-01,2026-08-08,"05 - ENVOLVIMENTO 365D + VIU PAGINA DE CAPTURA",not_delivering,"Clique de 7 dias ou visualização de 1 dia",,,0,0,,"Usando orçamento da campanha",0,0,Contínuo,2022-10-18,0,0,,,,,0,0,0,,,,,0,0,,
2026-05-01,2026-08-08,"05 - ENVOLVIMENTO 180D",not_delivering,"Clique de 7 dias ou visualização de 1 dia",,,0,0,,"Usando orçamento da campanha",0,0,Contínuo,2022-10-18,0,0,,,,,0,0,0,,,,,0,0,,
2026-05-01,2026-08-08,"02 - ENVOLVIMENTO 60D + VIU PAGINA DE CAPTURA",not_delivering,"Clique de 7 dias ou visualização de 1 dia",,,0,0,,10,Diário,0,Contínuo,2022-10-18,0,0,,,,,0,0,0,,,,,0,0,,
2026-05-01,2026-08-08,"03 - ENVOLVIMENTO 365D",not_delivering,"Clique de 7 dias ou visualização de 1 dia",,,0,0,,10,Diário,0,Contínuo,2022-10-18,0,0,,,,,0,0,0,,,,,0,0,,
2026-05-01,2026-08-08,"01 - CADASTRADOS",not_delivering,"Clique de 7 dias ou visualização de 1 dia",,,0,0,,10,Diário,0,Contínuo,2022-10-18,0,0,,,,,0,0,0,,,,,0,0,,
2026-05-01,2026-08-08,"04 - ENVOLVIMENTO 90D",not_delivering,"Clique de 7 dias ou visualização de 1 dia",,,0,0,,"Usando orçamento da campanha",0,0,Contínuo,2022-10-19,0,0,,,,,0,0,0,,,,,0,0,,
2026-05-01,2026-08-08,"01 - CADASTRADOS",not_delivering,"Clique de 7 dias ou visualização de 1 dia",,,0,0,,"Usando orçamento da campanha",0,0,Contínuo,2022-10-19,0,0,,,,,0,0,0,,,,,0,0,,
2026-05-01,2026-08-08,"05 - ENVOLVIMENTO 365D + VIU PAGINA DE CAPTURA",not_delivering,"Clique de 7 dias ou visualização de 1 dia",,,0,0,,"Usando orçamento da campanha",0,0,Contínuo,2022-10-19,0,0,,,,,0,0,0,,,,,0,0,,
2026-05-01,2026-08-08,"03 - ENVOLVIMENTO 60D",not_delivering,"Clique de 7 dias ou visualização de 1 dia",,,0,0,,"Usando orçamento da campanha",0,0,Contínuo,2022-10-19,0,0,,,,,0,0,0,,,,,0,0,,
2026-05-01,2026-08-08,"05 - ENVOLVIMENTO 180D",not_delivering,"Clique de 7 dias ou visualização de 1 dia",,,0,0,,"Usando orçamento da campanha",0,0,Contínuo,2022-10-19,0,0,,,,,0,0,0,,,,,0,0,,
2026-05-01,2026-08-08,"02 - ENVOLVIMENTO 30D",not_delivering,"Clique de 7 dias ou visualização de 1 dia",,,0,0,,"Usando orçamento da campanha",0,0,Contínuo,2022-10-19,0,0,,,,,0,0,0,,,,,0,0,,
2026-05-01,2026-08-08,"02 - ENVOLVIMENTO 60D + VIU PAGINA DE CAPTURA",not_delivering,"Clique de 7 dias ou visualização de 1 dia",,,0,0,,10,Diário,0,Contínuo,2022-10-19,0,0,,,,,0,0,0,,,,,0,0,,
2026-05-01,2026-08-08,"03 - ENVOLVIMENTO 365D",not_delivering,"Clique de 7 dias ou visualização de 1 dia",,,0,0,,15,Diário,0,Contínuo,2022-10-19,0,0,,,,,0,0,0,,,,,0,0,,
2026-05-01,2026-08-08,"01 - CADASTRADOS",not_delivering,"Clique de 7 dias ou visualização de 1 dia",,,0,0,,10,Diário,0,Contínuo,2022-10-19,0,0,,,,,0,0,0,,,,,0,0,,
2026-05-01,2026-08-08,"04 - ENVOLVIMENTO 90D",not_delivering,"Clique de 7 dias ou visualização de 1 dia",,,0,0,,"Usando orçamento da campanha",0,0,Contínuo,2022-10-20,0,0,,,,,0,0,0,,,,,0,0,,
2026-05-01,2026-08-08,"03 - ENVOLVIMENTO 60D",not_delivering,"Clique de 7 dias ou visualização de 1 dia",,,0,0,,"Usando orçamento da campanha",0,0,Contínuo,2022-10-20,0,0,,,,,0,0,0,,,,,0,0,,
2026-05-01,2026-08-08,"05 - ENVOLVIMENTO 180D",not_delivering,"Clique de 7 dias ou visualização de 1 dia",,,0,0,,"Usando orçamento da campanha",0,0,Contínuo,2022-10-20,0,0,,,,,0,0,0,,,,,0,0,,
2026-05-01,2026-08-08,"01 - CADASTRADOS",not_delivering,"Clique de 7 dias ou visualização de 1 dia",,,0,0,,"Usando orçamento da campanha",0,0,Contínuo,2022-10-20,0,0,,,,,0,0,0,,,,,0,0,,
2026-05-01,2026-08-08,"06 - ENVOLVIMENTO 365D + VIU PAGINA DE CAPTURA",not_delivering,"Clique de 7 dias ou visualização de 1 dia",,,0,0,,"Usando orçamento da campanha",0,0,Contínuo,2022-10-20,0,0,,,,,0,0,0,,,,,0,0,,
2026-05-01,2026-08-08,"02 - ENVOLVIMENTO 30D",not_delivering,"Clique de 7 dias ou visualização de 1 dia",,,0,0,,"Usando orçamento da campanha",0,0,Contínuo,2022-10-20,0,0,,,,,0,0,0,,,,,0,0,,
2026-05-01,2026-08-08,"03 - ENVOLVIMENTO 60D",not_delivering,"Clique de 7 dias ou visualização de 1 dia",,,0,0,,"Usando orçamento da campanha",0,0,Contínuo,2022-10-21,0,0,,,,,0,0,0,,,,,0,0,,
2026-05-01,2026-08-08,"05 - ENVOLVIMENTO 180D",not_delivering,"Clique de 7 dias ou visualização de 1 dia",,,0,0,,"Usando orçamento da campanha",0,0,Contínuo,2022-10-21,0,0,,,,,0,0,0,,,,,0,0,,
2026-05-01,2026-08-08,"05 - ENVOLVIMENTO 365D + VIU PAGINA DE CAPTURA",not_delivering,"Clique de 7 dias ou visualização de 1 dia",,,0,0,,"Usando orçamento da campanha",0,0,Contínuo,2022-10-21,0,0,,,,,0,0,0,,,,,0,0,,
2026-05-01,2026-08-08,"04 - ENVOLVIMENTO 90D",not_delivering,"Clique de 7 dias ou visualização de 1 dia",,,0,0,,"Usando orçamento da campanha",0,0,Contínuo,2022-10-21,0,0,,,,,0,0,0,,,,,0,0,,
2026-05-01,2026-08-08,"01 - CADASTRADOS",not_delivering,"Clique de 7 dias ou visualização de 1 dia",,,0,0,,"Usando orçamento da campanha",0,0,Contínuo,2022-10-21,0,0,,,,,0,0,0,,,,,0,0,,
2026-05-01,2026-08-08,"02 - ENVOLVIMENTO 30D",not_delivering,"Clique de 7 dias ou visualização de 1 dia",,,0,0,,"Usando orçamento da campanha",0,0,Contínuo,2022-10-21,0,0,,,,,0,0,0,,,,,0,0,,
2026-05-01,2026-08-08,"03 - ENVOLVIMENTO 365D",not_delivering,"Clique de 7 dias ou visualização de 1 dia",,,0,0,,15,Diário,0,Contínuo,2022-10-20,0,0,,,,,0,0,0,,,,,0,0,,
2026-05-01,2026-08-08,"02 - ENVOLVIMENTO 60D + VIU PAGINA DE CAPTURA",not_delivering,"Clique de 7 dias ou visualização de 1 dia",,,0,0,,15,Diário,0,Contínuo,2022-10-20,0,0,,,,,0,0,0,,,,,0,0,,
2026-05-01,2026-08-08,"01 - CADASTRADOS",not_delivering,"Clique de 7 dias ou visualização de 1 dia",,,0,0,,15,Diário,0,Contínuo,2022-10-20,0,0,,,,,0,0,0,,,,,0,0,,
2026-05-01,2026-08-08,"02 - ENVOLVIMENTO 30D",not_delivering,"Clique de 7 dias ou visualização de 1 dia",,,0,0,,"Usando orçamento da campanha",0,0,Contínuo,2022-10-21,0,0,,,,,0,0,0,,,,,0,0,,
2026-05-01,2026-08-08,"04 - ENVOLVIMENTO 90D",not_delivering,"Clique de 7 dias ou visualização de 1 dia",,,0,0,,"Usando orçamento da campanha",0,0,Contínuo,2022-10-21,0,0,,,,,0,0,0,,,,,0,0,,
2026-05-01,2026-08-08,"03 - ENVOLVIMENTO 60D",not_delivering,"Clique de 7 dias ou visualização de 1 dia",,,0,0,,"Usando orçamento da campanha",0,0,Contínuo,2022-10-21,0,0,,,,,0,0,0,,,,,0,0,,
2026-05-01,2026-08-08,"01 - CADASTRADOS",not_delivering,"Clique de 7 dias ou visualização de 1 dia",,,0,0,,"Usando orçamento da campanha",0,0,Contínuo,2022-10-21,0,0,,,,,0,0,0,,,,,0,0,,
2026-05-01,2026-08-08,"05 - ENVOLVIMENTO 180D",not_delivering,"Clique de 7 dias ou visualização de 1 dia",,,0,0,,"Usando orçamento da campanha",0,0,Contínuo,2022-10-21,0,0,,,,,0,0,0,,,,,0,0,,
2026-05-01,2026-08-08,"06 - ENVOLVIMENTO 365D + VIU PAGINA DE CAPTURA",not_delivering,"Clique de 7 dias ou visualização de 1 dia",,,0,0,,"Usando orçamento da campanha",0,0,Contínuo,2022-10-21,0,0,,,,,0,0,0,,,,,0,0,,
2026-05-01,2026-08-08,"01 - ENVOLVIMENTO 365D + CADASTRADOS",not_delivering,"Clique de 7 dias ou visualização de 1 dia",,,0,0,,30,Diário,0,Contínuo,2022-10-21,0,0,,,,,0,0,0,,,,,0,0,,
2026-05-01,2026-08-08,"02 - INTERESSES",not_delivering,"Clique de 7 dias ou visualização de 1 dia",,,0,0,,20,Diário,0,Contínuo,2022-10-21,0,0,,,,,0,0,0,,,,,0,0,,
2026-05-01,2026-08-08,"03 - LOREAL - TRESSEME",not_delivering,"Clique de 7 dias ou visualização de 1 dia",,,0,0,,20,Diário,0,Contínuo,2022-10-21,0,0,,,,,0,0,0,,,,,0,0,,
2026-05-01,2026-08-08,"04 - WELLA - SHAMPOO",not_delivering,"Clique de 7 dias ou visualização de 1 dia",,,0,0,,20,Diário,0,Contínuo,2022-10-21,0,0,,,,,0,0,0,,,,,0,0,,
2026-05-01,2026-08-08,"02 - ENVOLVIMENTO 30D",not_delivering,"Clique de 7 dias ou visualização de 1 dia",,,0,0,,"Usando orçamento da campanha",0,0,Contínuo,2022-10-22,0,0,,,,,0,0,0,,,,,0,0,,
2026-05-01,2026-08-08,"05 - ENVOLVIMENTO 180D",not_delivering,"Clique de 7 dias ou visualização de 1 dia",,,0,0,,"Usando orçamento da campanha",0,0,Contínuo,2022-10-22,0,0,,,,,0,0,0,,,,,0,0,,
2026-05-01,2026-08-08,"01 - CADASTRADOS",not_delivering,"Clique de 7 dias ou visualização de 1 dia",,,0,0,,"Usando orçamento da campanha",0,0,Contínuo,2022-10-22,0,0,,,,,0,0,0,,,,,0,0,,
2026-05-01,2026-08-08,"03 - ENVOLVIMENTO 60D",not_delivering,"Clique de 7 dias ou visualização de 1 dia",,,0,0,,"Usando orçamento da campanha",0,0,Contínuo,2022-10-22,0,0,,,,,0,0,0,,,,,0,0,,
2026-05-01,2026-08-08,"05 - ENVOLVIMENTO 365D + VIU PAGINA DE CAPTURA",not_delivering,"Clique de 7 dias ou visualização de 1 dia",,,0,0,,"Usando orçamento da campanha",0,0,Contínuo,2022-10-22,0,0,,,,,0,0,0,,,,,0,0,,
2026-05-01,2026-08-08,"04 - ENVOLVIMENTO 90D",not_delivering,"Clique de 7 dias ou visualização de 1 dia",,,0,0,,"Usando orçamento da campanha",0,0,Contínuo,2022-10-22,0,0,,,,,0,0,0,,,,,0,0,,
2026-05-01,2026-08-08,"04 - ENVOLVIMENTO 90D",not_delivering,"Clique de 7 dias ou visualização de 1 dia",,,0,0,,"Usando orçamento da campanha",0,0,Contínuo,2022-10-22,0,0,,,,,0,0,0,,,,,0,0,,
2026-05-01,2026-08-08,"05 - ENVOLVIMENTO 180D",not_delivering,"Clique de 7 dias ou visualização de 1 dia",,,0,0,,"Usando orçamento da campanha",0,0,Contínuo,2022-10-22,0,0,,,,,0,0,0,,,,,0,0,,
2026-05-01,2026-08-08,"05 - ENVOLVIMENTO 365D + VIU PAGINA DE CAPTURA",not_delivering,"Clique de 7 dias ou visualização de 1 dia",,,0,0,,"Usando orçamento da campanha",0,0,Contínuo,2022-10-22,0,0,,,,,0,0,0,,,,,0,0,,
2026-05-01,2026-08-08,"03 - ENVOLVIMENTO 60D",not_delivering,"Clique de 7 dias ou visualização de 1 dia",,,0,0,,"Usando orçamento da campanha",0,0,Contínuo,2022-10-22,0,0,,,,,0,0,0,,,,,0,0,,
2026-05-01,2026-08-08,"02 - ENVOLVIMENTO 30D",not_delivering,"Clique de 7 dias ou visualização de 1 dia",,,0,0,,"Usando orçamento da campanha",0,0,Contínuo,2022-10-22,0,0,,,,,0,0,0,,,,,0,0,,
2026-05-01,2026-08-08,"07 - INTERESSE",inactive,"Clique de 7 dias ou visualização de 1 dia",,,0,0,,"Usando orçamento da campanha",0,0,Contínuo,2022-10-22,0,0,,,,,0,0,0,,,,,0,0,,
2026-05-01,2026-08-08,"01 - CADASTRADOS",not_delivering,"Clique de 7 dias ou visualização de 1 dia",,,0,0,,"Usando orçamento da campanha",0,0,Contínuo,2022-10-22,0,0,,,,,0,0,0,,,,,0,0,,
2026-05-01,2026-08-08,"00 - CADASTRADOS",not_delivering,"Clique de 7 dias ou visualização de 1 dia",,,0,0,,"Usando orçamento da campanha",0,0,Contínuo,2022-10-24,0,0,,,,,0,0,0,,,,,0,0,,
2026-05-01,2026-08-08,"01 - ENVOLVIMENTO - 30D",not_delivering,"Clique de 7 dias ou visualização de 1 dia",,,0,0,,"Usando orçamento da campanha",0,0,Contínuo,2022-10-24,0,0,,,,,0,0,0,,,,,0,0,,
2026-05-01,2026-08-08,"02 - ENVOLVIMENTO - 60D",not_delivering,"Clique de 7 dias ou visualização de 1 dia",,,0,0,,"Usando orçamento da campanha",0,0,Contínuo,2022-10-24,0,0,,,,,0,0,0,,,,,0,0,,
2026-05-01,2026-08-08,"03 - ENVOLVIMENTO - 90D",not_delivering,"Clique de 7 dias ou visualização de 1 dia",,,0,0,,"Usando orçamento da campanha",0,0,Contínuo,2022-10-24,0,0,,,,,0,0,0,,,,,0,0,,
2026-05-01,2026-08-08,"04 - ENVOLVIMENTO - 180D",not_delivering,"Clique de 7 dias ou visualização de 1 dia",,,0,0,,"Usando orçamento da campanha",0,0,Contínuo,2022-10-24,0,0,,,,,0,0,0,,,,,0,0,,
2026-05-01,2026-08-08,"05 - ENVOLVIMENTO - 365D + VIU PAGINA DE CAPTURA",not_delivering,"Clique de 7 dias ou visualização de 1 dia",,,0,0,,"Usando orçamento da campanha",0,0,Contínuo,2022-10-24,0,0,,,,,0,0,0,,,,,0,0,,
2026-05-01,2026-08-08,"00 - NIVEA - LONG HAIR",inactive,"Clique de 7 dias ou visualização de 1 dia",,,0,0,,15,Diário,0,Contínuo,2022-10-24,0,0,,,,,0,0,0,,,,,0,0,,
2026-05-01,2026-08-08,"00 - CABELOS NATURAIS - PRODUTOS PARA CABELOS",not_delivering,"Clique de 7 dias ou visualização de 1 dia",,,0,0,,16,Diário,0,Contínuo,2022-10-24,0,0,,,,,0,0,0,,,,,0,0,,
2026-05-01,2026-08-08,"00 - DOVE - WELLA",not_delivering,"Clique de 7 dias ou visualização de 1 dia",,,0,0,,15,Diário,0,Contínuo,2022-10-24,0,0,,,,,0,0,0,,,,,0,0,,
2026-05-01,2026-08-08,"00 - DOVE - WELLA",not_delivering,"Clique de 7 dias ou visualização de 1 dia",,,0,0,,20,Diário,0,Contínuo,2022-11-09,0,0,,,,,0,0,0,,,,,0,0,,
2026-05-01,2026-08-08,"01 - NIVEA - LONG HAIR",not_delivering,"Clique de 7 dias ou visualização de 1 dia",,,0,0,,20,Diário,0,Contínuo,2022-11-09,0,0,,,,,0,0,0,,,,,0,0,,
2026-05-01,2026-08-08,"00 - CABELOS NATURAIS - PRODUTOS PARA CABELOS",not_delivering,"Clique de 7 dias ou visualização de 1 dia",,,0,0,,20,Diário,0,Contínuo,2022-11-09,0,0,,,,,0,0,0,,,,,0,0,,
2026-05-01,2026-08-08,"00 - ENVOLVIMENTO 60D",not_delivering,"Clique de 7 dias ou visualização de 1 dia",,,0,0,,10,Diário,0,Contínuo,2022-11-09,0,0,,,,,0,0,0,,,,,0,0,,
2026-05-01,2026-08-08,"01 - CADASTRADOS NO EVENTO PASSADO",not_delivering,"Clique de 7 dias ou visualização de 1 dia",,,0,0,,10,Diário,0,Contínuo,2022-11-09,0,0,,,,,0,0,0,,,,,0,0,,
2026-05-01,2026-08-08,"02 - ENVOLVIMENTO - 365D",not_delivering,"Clique de 7 dias ou visualização de 1 dia",,,0,0,,10,Diário,0,Contínuo,2022-11-09,0,0,,,,,0,0,0,,,,,0,0,,
2026-05-01,2026-08-08,"00 - CABELOS NATURAIS - PRODUTOS PARA CABELOS",inactive,"Clique de 7 dias ou visualização de 1 dia",,,0,0,,20,Diário,0,Contínuo,2022-11-09,0,0,,,,,0,0,0,,,,,0,0,,
2026-05-01,2026-08-08,"00 - ABERTO",not_delivering,"Clique de 7 dias ou visualização de 1 dia",,,0,0,,20,Diário,0,Contínuo,2022-11-09,0,0,,,,,0,0,0,,,,,0,0,,
2026-05-01,2026-08-08,"00 - CUIDADO COM O CABELO - PENTEADO",inactive,"Clique de 7 dias ou visualização de 1 dia",,,0,0,,30,Diário,0,Contínuo,2022-11-09,0,0,,,,,0,0,0,,,,,0,0,,
2026-05-01,2026-08-08,"00 - ABERTO",not_delivering,"Clique de 7 dias ou visualização de 1 dia",,,0,0,,"Usando orçamento da campanha",0,0,Contínuo,2022-11-11,0,0,,,,,0,0,0,,,,,0,0,,
2026-05-01,2026-08-08,"00 - ABERTO",not_delivering,"Clique de 7 dias ou visualização de 1 dia",,,0,0,,"Usando orçamento da campanha",0,0,Contínuo,2022-11-11,0,0,,,,,0,0,0,,,,,0,0,,
2026-05-01,2026-08-08,"00 - ABERTO",not_delivering,"Clique de 7 dias ou visualização de 1 dia",,,0,0,,"Usando orçamento da campanha",0,0,Contínuo,2022-11-11,0,0,,,,,0,0,0,,,,,0,0,,
2026-05-01,2026-08-08,"00 - CUIDADO COM O CABELO - PENTEADO",not_delivering,"Clique de 7 dias ou visualização de 1 dia",,,0,0,,15,Diário,0,Contínuo,2022-11-11,0,0,,,,,0,0,0,,,,,0,0,,
2026-05-01,2026-08-08,"00 - CABELOS NATURAIS - PRODUTOS PARA CABELOS",not_delivering,"Clique de 7 dias ou visualização de 1 dia",,,0,0,,15,Diário,0,Contínuo,2022-11-11,0,0,,,,,0,0,0,,,,,0,0,,
2026-05-01,2026-08-08,"00 - ABERTO",not_delivering,"Clique de 7 dias ou visualização de 1 dia",,,0,0,,15,Diário,0,Contínuo,2022-11-11,0,0,,,,,0,0,0,,,,,0,0,,
2026-05-01,2026-08-08,"00 - CUIDADO COM O CABELO - PENTEADO",not_delivering,"Clique de 7 dias ou visualização de 1 dia",,,0,0,,20,Diário,0,Contínuo,2022-11-12,0,0,,,,,0,0,0,,,,,0,0,,
2026-05-01,2026-08-08,"00 - ABERTO",not_delivering,"Clique de 7 dias ou visualização de 1 dia",,,0,0,,"Usando orçamento da campanha",0,0,Contínuo,2022-11-16,0,0,,,,,0,0,0,,,,,0,0,,
2026-05-01,2026-08-08,"00 - ABERTO",not_delivering,"Clique de 7 dias ou visualização de 1 dia",,,0,0,,"Usando orçamento da campanha",0,0,Contínuo,2022-11-16,0,0,,,,,0,0,0,,,,,0,0,,
2026-05-01,2026-08-08,"00 - ABERTO",not_delivering,"Clique de 7 dias ou visualização de 1 dia",,,0,0,,"Usando orçamento da campanha",0,0,Contínuo,2022-11-16,0,0,,,,,0,0,0,,,,,0,0,,
2026-05-01,2026-08-08,"00 - CABELOS NATURAIS - PRODUTOS PARA CABELOS",not_delivering,"Clique de 7 dias ou visualização de 1 dia",,,0,0,,40,Diário,0,Contínuo,2022-11-22,0,0,,,,,0,0,0,,,,,0,0,,
2026-05-01,2026-08-08,"06 - VIU PAGINA DE CAPTURA + CADASTRADOS NO EVENTO",not_delivering,"Clique de 7 dias ou visualização de 1 dia",,,0,0,,30,Diário,0,Contínuo,2022-11-22,0,0,,,,,0,0,0,,,,,0,0,,
2026-05-01,2026-08-08,"02 - ENVOLVIMENTO 60D",not_delivering,"Clique de 7 dias ou visualização de 1 dia",,,0,0,,30,Diário,0,Contínuo,2022-11-22,0,0,,,,,0,0,0,,,,,0,0,,
2026-05-01,2026-08-08,"01 - ENVOLVIMENTO 30D",not_delivering,"Clique de 7 dias ou visualização de 1 dia",,,0,0,,30,Diário,0,Contínuo,2022-11-22,0,0,,,,,0,0,0,,,,,0,0,,
2026-05-01,2026-08-08,"04 - ENVOLVIMENTO 180D",not_delivering,"Clique de 7 dias ou visualização de 1 dia",,,0,0,,20,Diário,0,Contínuo,2022-11-22,0,0,,,,,0,0,0,,,,,0,0,,
2026-05-01,2026-08-08,"03 - ENVOLVIMENTO 90D",not_delivering,"Clique de 7 dias ou visualização de 1 dia",,,0,0,,20,Diário,0,Contínuo,2022-11-22,0,0,,,,,0,0,0,,,,,0,0,,
2026-05-01,2026-08-08,"05 - ENVOLVIMENTO 365",not_delivering,"Clique de 7 dias ou visualização de 1 dia",,,0,0,,20,Diário,0,Contínuo,2022-11-22,0,0,,,,,0,0,0,,,,,0,0,,
2026-05-01,2026-08-08,"00 - MARCAS DE SHAMPOO",not_delivering,"Clique de 7 dias ou visualização de 1 dia",,,0,0,,40,Diário,0,Contínuo,2022-11-22,0,0,,,,,0,0,0,,,,,0,0,,
2026-05-01,2026-08-08,"00 - MARCAS DE SHAMPOO",not_delivering,"Clique de 7 dias ou visualização de 1 dia",,,0,0,,10,Diário,0,Contínuo,2022-11-22,0,0,,,,,0,0,0,,,,,0,0,,
2026-05-01,2026-08-08,"00 - CABELOS NATURAIS - PRODUTOS PARA CABELOS",not_delivering,"Clique de 7 dias ou visualização de 1 dia",,,0,0,,10,Diário,0,Contínuo,2022-11-22,0,0,,,,,0,0,0,,,,,0,0,,
2026-05-01,2026-08-08,"00 - LOREAL PROFISSIONAL - TRESEMMÉ",not_delivering,"Clique de 7 dias ou visualização de 1 dia",,,0,0,,30,Diário,0,Contínuo,2022-11-24,0,0,,,,,0,0,0,,,,,0,0,,
2026-05-01,2026-08-08,"00 - VIU PAGINA DE CAPTURA + VIU 25% ADS",not_delivering,"Clique de 7 dias ou visualização de 1 dia",,,0,0,,20,Diário,0,Contínuo,2022-12-02,0,0,,,,,0,0,0,,,,,0,0,,
2026-05-01,2026-08-08,"01 - ENVOLVIMENTO 30D",not_delivering,"Clique de 7 dias ou visualização de 1 dia",,,0,0,,20,Diário,0,Contínuo,2022-12-02,0,0,,,,,0,0,0,,,,,0,0,,
2026-05-01,2026-08-08,"02 - ENVOLVIMENTO 60D",not_delivering,"Clique de 7 dias ou visualização de 1 dia",,,0,0,,20,Diário,0,Contínuo,2022-12-02,0,0,,,,,0,0,0,,,,,0,0,,
2026-05-01,2026-08-08,"03 - ENVOLVIMENTO 90D",not_delivering,"Clique de 7 dias ou visualização de 1 dia",,,0,0,,20,Diário,0,Contínuo,2022-12-02,0,0,,,,,0,0,0,,,,,0,0,,
2026-05-01,2026-08-08,"04 - ENVOLVIMENTO 180D",not_delivering,"Clique de 7 dias ou visualização de 1 dia",,,0,0,,20,Diário,0,Contínuo,2022-12-02,0,0,,,,,0,0,0,,,,,0,0,,
2026-05-01,2026-08-08,"05 - ENVOLVIMENTO 365D + VIDEO VIEW 25%",not_delivering,"Clique de 7 dias ou visualização de 1 dia",,,0,0,,20,Diário,0,Contínuo,2022-12-02,0,0,,,,,0,0,0,,,,,0,0,,
2026-05-01,2026-08-08,"00 - VIU PAGINA DE CAPTURA + VIU 25% ADS",not_delivering,"Clique de 7 dias ou visualização de 1 dia",,,0,0,,25,Diário,0,Contínuo,2022-12-02,0,0,,,,,0,0,0,,,,,0,0,,
2026-05-01,2026-08-08,"01 - ENVOLVIMENTO 30D",not_delivering,"Clique de 7 dias ou visualização de 1 dia",,,0,0,,25,Diário,0,Contínuo,2022-12-02,0,0,,,,,0,0,0,,,,,0,0,,
2026-05-01,2026-08-08,"05 - ENVOLVIMENTO 365D + VIDEO VIEW 25%",not_delivering,"Clique de 7 dias ou visualização de 1 dia",,,0,0,,25,Diário,0,Contínuo,2022-12-02,0,0,,,,,0,0,0,,,,,0,0,,
2026-05-01,2026-08-08,"04 - ENVOLVIMENTO 180D",not_delivering,"Clique de 7 dias ou visualização de 1 dia",,,0,0,,25,Diário,0,Contínuo,2022-12-02,0,0,,,,,0,0,0,,,,,0,0,,
2026-05-01,2026-08-08,"02 - ENVOLVIMENTO 60D",not_delivering,"Clique de 7 dias ou visualização de 1 dia",,,0,0,,25,Diário,0,Contínuo,2022-12-02,0,0,,,,,0,0,0,,,,,0,0,,
2026-05-01,2026-08-08,"03 - ENVOLVIMENTO 90D",not_delivering,"Clique de 7 dias ou visualização de 1 dia",,,0,0,,25,Diário,0,Contínuo,2022-12-02,0,0,,,,,0,0,0,,,,,0,0,,
2026-05-01,2026-08-08,"00 - VIU PAGINA DE CAPTURA + VIU 25% ADS",not_delivering,"Clique de 7 dias ou visualização de 1 dia",,,0,0,,100,Diário,0,Contínuo,2022-12-02,0,0,,,,,0,0,0,,,,,0,0,,
2026-05-01,2026-08-08,"04 - ENVOLVIMENTO 30D",not_delivering,"Clique de 7 dias ou visualização de 1 dia",,,0,0,,100,Diário,0,Contínuo,2022-12-02,0,0,,,,,0,0,0,,,,,0,0,,
2026-05-01,2026-08-08,"05 - ENVOLVIMENTO 60D",not_delivering,"Clique de 7 dias ou visualização de 1 dia",,,0,0,,50,Diário,0,Contínuo,2022-12-02,0,0,,,,,0,0,0,,,,,0,0,,
2026-05-01,2026-08-08,"06 - ENVOLVIMENTO 90D",not_delivering,"Clique de 7 dias ou visualização de 1 dia",,,0,0,,90,Diário,0,Contínuo,2022-12-02,0,0,,,,,0,0,0,,,,,0,0,,
2026-05-01,2026-08-08,"07 - ENVOLVIMENTO 180D",not_delivering,"Clique de 7 dias ou visualização de 1 dia",,,0,0,,35,Diário,0,Contínuo,2022-12-02,0,0,,,,,0,0,0,,,,,0,0,,
2026-05-01,2026-08-08,"08 - ENVOLVIMENTO 365D + VIDEO VIEW 25%",not_delivering,"Clique de 7 dias ou visualização de 1 dia",,,0,0,,35,Diário,0,Contínuo,2022-12-02,0,0,,,,,0,0,0,,,,,0,0,,
2026-05-01,2026-08-08,"02 - VIEW PAGE -  60D",not_delivering,"Clique de 7 dias ou visualização de 1 dia",,,0,0,,90,Diário,0,Contínuo,2022-12-03,0,0,,,,,0,0,0,,,,,0,0,,
2026-05-01,2026-08-08,"03 - VIEW PAGE -  180D",not_delivering,"Clique de 7 dias ou visualização de 1 dia",,,0,0,,35,Diário,0,Contínuo,2022-12-03,0,0,,,,,0,0,0,,,,,0,0,,
2026-05-01,2026-08-08,"01 - INICIOU COMPRA - 180D",not_delivering,"Clique de 7 dias ou visualização de 1 dia",,,0,0,,35,Diário,0,Contínuo,2022-12-03,0,0,,,,,0,0,0,,,,,0,0,,
2026-05-01,2026-08-08,"01 - INICIOU COMPRA - 180D",not_delivering,"Clique de 7 dias ou visualização de 1 dia",,,0,0,,35,Diário,0,Contínuo,2022-12-04,0,0,,,,,0,0,0,,,,,0,0,,
2026-05-01,2026-08-08,"00 - VIU PAGINA DE CAPTURA + VIU 25% ADS",not_delivering,"Clique de 7 dias ou visualização de 1 dia",,,0,0,,15,Diário,0,Contínuo,2022-12-04,0,0,,,,,0,0,0,,,,,0,0,,
2026-05-01,2026-08-08,"05 - ENVOLVIMENTO 60D",not_delivering,"Clique de 7 dias ou visualização de 1 dia",,,0,0,,35,Diário,0,Contínuo,2022-12-04,0,0,,,,,0,0,0,,,,,0,0,,
2026-05-01,2026-08-08,"07 - ENVOLVIMENTO 180D",not_delivering,"Clique de 7 dias ou visualização de 1 dia",,,0,0,,35,Diário,0,Contínuo,2022-12-04,0,0,,,,,0,0,0,,,,,0,0,,
2026-05-01,2026-08-08,"03 - VIEW PAGE -  180D",not_delivering,"Clique de 7 dias ou visualização de 1 dia",,,0,0,,35,Diário,0,Contínuo,2022-12-04,0,0,,,,,0,0,0,,,,,0,0,,
2026-05-01,2026-08-08,"04 - ENVOLVIMENTO 30D",not_delivering,"Clique de 7 dias ou visualização de 1 dia",,,0,0,,35,Diário,0,Contínuo,2022-12-04,0,0,,,,,0,0,0,,,,,0,0,,
2026-05-01,2026-08-08,"06 - ENVOLVIMENTO 90D",not_delivering,"Clique de 7 dias ou visualização de 1 dia",,,0,0,,35,Diário,0,Contínuo,2022-12-04,0,0,,,,,0,0,0,,,,,0,0,,
2026-05-01,2026-08-08,"08 - ENVOLVIMENTO 365D + VIDEO VIEW 25%",not_delivering,"Clique de 7 dias ou visualização de 1 dia",,,0,0,,35,Diário,0,Contínuo,2022-12-04,0,0,,,,,0,0,0,,,,,0,0,,
2026-05-01,2026-08-08,"02 - VIEW PAGE -  60D",not_delivering,"Clique de 7 dias ou visualização de 1 dia",,,0,0,,35,Diário,0,Contínuo,2022-12-04,0,0,,,,,0,0,0,,,,,0,0,,
2026-05-01,2026-08-08,"00 - ENVOLVIMENTO TODOS",not_delivering,"Clique de 7 dias ou visualização de 1 dia",,,0,0,,200,Diário,0,Contínuo,2022-12-05,0,0,,,,,0,0,0,,,,,0,0,,
2026-05-01,2026-08-08,"00 - SEMELHANTE 1% - VIU PAGE 60D",not_delivering,"Clique de 7 dias ou visualização de 1 dia",,,0,0,,"Usando orçamento da campanha",0,0,Contínuo,2022-12-05,0,0,,,,,0,0,0,,,,,0,0,,
2026-05-01,2026-08-08,"00 - SEMELHANTE 2% - VIU PAGE 60D",not_delivering,"Clique de 7 dias ou visualização de 1 dia",,,0,0,,"Usando orçamento da campanha",0,0,Contínuo,2022-12-05,0,0,,,,,0,0,0,,,,,0,0,,
2026-05-01,2026-08-08,"00 - SEMELHANTE 3% - VIU PAGE 60D",not_delivering,"Clique de 7 dias ou visualização de 1 dia",,,0,0,,"Usando orçamento da campanha",0,0,Contínuo,2022-12-05,0,0,,,,,0,0,0,,,,,0,0,,
2026-05-01,2026-08-08,"00 - CADASTRADOS + VIU PAGINA DE CAPTURA",not_delivering,"Clique de 7 dias ou visualização de 1 dia",,,0,0,,60,Diário,0,Contínuo,2022-12-09,0,0,,,,,0,0,0,,,,,0,0,,
2026-05-01,2026-08-08,"01 - ENVOLVIMENTO 30D",not_delivering,"Clique de 7 dias ou visualização de 1 dia",,,0,0,,20,Diário,0,Contínuo,2022-12-09,0,0,,,,,0,0,0,,,,,0,0,,
2026-05-01,2026-08-08,"01 - ENVOLVIMENTO 30D",not_delivering,"Clique de 7 dias ou visualização de 1 dia",,,0,0,,20,Diário,0,Contínuo,2022-12-09,0,0,,,,,0,0,0,,,,,0,0,,
2026-05-01,2026-08-08,"00 - CADASTRADOS + VIU PAGINA DE CAPTURA",not_delivering,"Clique de 7 dias ou visualização de 1 dia",,,0,0,,50,Diário,0,Contínuo,2022-12-09,0,0,,,,,0,0,0,,,,,0,0,,
2026-05-01,2026-08-08,"01 - ENVOLVIMENTO 30D",not_delivering,"Clique de 7 dias ou visualização de 1 dia",,,0,0,,50,Diário,0,Contínuo,2022-12-11,0,0,,,,,0,0,0,,,,,0,0,,
2026-05-01,2026-08-08,"00 - CADASTRADOS + VIU PAGINA DE CAPTURA",not_delivering,"Clique de 7 dias ou visualização de 1 dia",,,0,0,,90,Diário,0,Contínuo,2022-12-11,0,0,,,,,0,0,0,,,,,0,0,,
2026-05-01,2026-08-08,"00 - CADASTRADOS + VIU PAGINA DE CAPTURA",not_delivering,"Clique de 7 dias ou visualização de 1 dia",,,0,0,,90,Diário,0,Contínuo,2022-12-13,0,0,,,,,0,0,0,,,,,0,0,,
2026-05-01,2026-08-08,"01 - ENVOLVIMENTO 30D",not_delivering,"Clique de 7 dias ou visualização de 1 dia",,,0,0,,50,Diário,0,Contínuo,2022-12-13,0,0,,,,,0,0,0,,,,,0,0,,
2026-05-01,2026-08-08,"01 - ENVOLVIMENTO 30D",not_delivering,"Clique de 7 dias ou visualização de 1 dia",,,0,0,,50,Diário,0,Contínuo,2022-12-14,0,0,,,,,0,0,0,,,,,0,0,,
2026-05-01,2026-08-08,"00 - CADASTRADOS + VIU PAGINA DE CAPTURA",not_delivering,"Clique de 7 dias ou visualização de 1 dia",,,0,0,,110,Diário,0,Contínuo,2022-12-14,0,0,,,,,0,0,0,,,,,0,0,,
2026-05-01,2026-08-08,"01 - ENVOLVIMENTO 30D",not_delivering,"Clique de 7 dias ou visualização de 1 dia",,,0,0,,100,Diário,0,Contínuo,2022-12-14,0,0,,,,,0,0,0,,,,,0,0,,
2026-05-01,2026-08-08,"00 - CADASTRADOS + VIU PAGINA DE CAPTURA",not_delivering,"Clique de 7 dias ou visualização de 1 dia",,,0,0,,100,Diário,0,Contínuo,2022-12-14,0,0,,,,,0,0,0,,,,,0,0,,
2026-05-01,2026-08-08,"VIU PÁGINA DE VENDAS",not_delivering,"Clique de 7 dias ou visualização de 1 dia",,,0,0,,25,Diário,0,Contínuo,2023-02-04,0,0,,,,,0,0,0,,,,,0,0,,
2026-05-01,2026-08-08,"LEADS CADASTRADOS",not_delivering,"Clique de 7 dias ou visualização de 1 dia",,,0,0,,20,Diário,0,Contínuo,2023-02-04,0,0,,,,,0,0,0,,,,,0,0,,
2026-05-01,2026-08-08,"LEADS + VIU PÁGINA DE CAPTURA + VIU PÁGINA DE VENDAS",not_delivering,"Clique de 7 dias ou visualização de 1 dia",,,0,0,,25,Diário,0,Contínuo,2022-12-15,0,0,,,,,0,0,0,,,,,0,0,,
2026-05-01,2026-08-08,"ENVOLVIMENTO 30D",not_delivering,"Clique de 7 dias ou visualização de 1 dia",,,0,0,,25,Diário,0,Contínuo,2022-12-15,0,0,,,,,0,0,0,,,,,0,0,,
2026-05-01,2026-08-08,"01 - PUBLICO DO PERPETUO - 180D",not_delivering,"Clique de 7 dias ou visualização de 1 dia",,,0,0,,25,Diário,0,Contínuo,2022-12-15,0,0,,,,,0,0,0,,,,,0,0,,
2026-05-01,2026-08-08,"00 - LEADS + VIU PAGINA DE CAPTURA + INICIOU CHECKOUT",not_delivering,"Clique de 7 dias ou visualização de 1 dia",,,0,0,,25,Diário,0,Contínuo,2022-12-15,0,0,,,,,0,0,0,,,,,0,0,,
2026-05-01,2026-08-08,"02 - ENVOLVIMENTO 30D",not_delivering,"Clique de 7 dias ou visualização de 1 dia",,,0,0,,25,Diário,0,Contínuo,2022-12-15,0,0,,,,,0,0,0,,,,,0,0,,
2026-05-01,2026-08-08,"02 - ENVOLVIMENTO 60D",not_delivering,"Clique de 7 dias ou visualização de 1 dia",,,0,0,,25,Diário,0,Contínuo,2022-12-17,0,0,,,,,0,0,0,,,,,0,0,,
2026-05-01,2026-08-08,"01 - ENVOLVIMENTO 30D + VIU PERPETUO 180D",not_delivering,"Clique de 7 dias ou visualização de 1 dia",,,0,0,,25,Diário,0,Contínuo,2022-12-17,0,0,,,,,0,0,0,,,,,0,0,,
2026-05-01,2026-08-08,"00 - LEADS + VIU PAGINA DE CAPTURA",not_delivering,"Clique de 7 dias ou visualização de 1 dia",,,0,0,,25,Diário,0,Contínuo,2022-12-17,0,0,,,,,0,0,0,,,,,0,0,,
2026-05-01,2026-08-08,"03 - ENVOLVIMENTO 90D",not_delivering,"Clique de 7 dias ou visualização de 1 dia",,,0,0,,25,Diário,0,Contínuo,2022-12-17,0,0,,,,,0,0,0,,,,,0,0,,
2026-05-01,2026-08-08,"00 - [ABERTO] -  [M]",not_delivering,"Clique de 7 dias ou visualização de 1 dia",,,0,0,,25,Diário,0,Contínuo,2022-12-17,0,0,,,,,0,0,0,,,,,0,0,,
2026-05-01,2026-08-08,"00 - SEMELHANTE 1% - VIU PAGE 60D",not_delivering,"Clique de 7 dias ou visualização de 1 dia",,,0,0,,25,Diário,0,Contínuo,2022-12-17,0,0,,,,,0,0,0,,,,,0,0,,
2026-05-01,2026-08-08,"00 - SEMELHANTE 2% - VIU PAGE 60D",not_delivering,"Clique de 7 dias ou visualização de 1 dia",,,0,0,,25,Diário,0,Contínuo,2022-12-17,0,0,,,,,0,0,0,,,,,0,0,,
2026-05-01,2026-08-08,"00 - ENTROU NO CHECKOUT",not_delivering,"Clique de 7 dias ou visualização de 1 dia",,,0,0,,25,Diário,0,Contínuo,2022-12-21,0,0,,,,,0,0,0,,,,,0,0,,
2026-05-01,2026-08-08,"00 - ENVOLVIMENTO TODOS",not_delivering,"Clique de 7 dias ou visualização de 1 dia",,,0,0,,200,Diário,0,Contínuo,2022-12-21,0,0,,,,,0,0,0,,,,,0,0,,
2026-05-01,2026-08-08,"00 - SEMELHANTE 2% - VIU PAGE 60D",not_delivering,"Clique de 7 dias ou visualização de 1 dia",,,0,0,,35,Diário,0,Contínuo,2022-12-22,0,0,,,,,0,0,0,,,,,0,0,,
2026-05-01,2026-08-08,"00 - SEMELHANTE 1% - VIU PAGE 60D",not_delivering,"Clique de 7 dias ou visualização de 1 dia",,,0,0,,25,Diário,0,Contínuo,2022-12-22,0,0,,,,,0,0,0,,,,,0,0,,
2026-05-01,2026-08-08,"00 - ENVOLVIMENTO TODOS 02 ESCALA",not_delivering,"Clique de 7 dias ou visualização de 1 dia",,,0,0,,50,Diário,0,Contínuo,2022-12-23,0,0,,,,,0,0,0,,,,,0,0,,
2026-05-01,2026-08-08,"00 - ENVOLVIMENTO 30D",not_delivering,"Clique de 7 dias ou visualização de 1 dia",,,0,0,,200,Diário,0,Contínuo,2022-12-25,0,0,,,,,0,0,0,,,,,0,0,,
2026-05-01,2026-08-08,"01 - ENVOLVIMENTO 60D",not_delivering,"Clique de 7 dias ou visualização de 1 dia",,,0,0,,200,Diário,0,Contínuo,2022-12-25,0,0,,,,,0,0,0,,,,,0,0,,
2026-05-01,2026-08-08,"02 - ENVOLVIMENTO 90D",not_delivering,"Clique de 7 dias ou visualização de 1 dia",,,0,0,,200,Diário,0,Contínuo,2022-12-25,0,0,,,,,0,0,0,,,,,0,0,,
2026-05-01,2026-08-08,"03 - ENVOLVIMENTO 180D",not_delivering,"Clique de 7 dias ou visualização de 1 dia",,,0,0,,200,Diário,0,Contínuo,2022-12-25,0,0,,,,,0,0,0,,,,,0,0,,
2026-05-01,2026-08-08,"04 - ENVOLVIMENTO 365D",not_delivering,"Clique de 7 dias ou visualização de 1 dia",,,0,0,,200,Diário,0,Contínuo,2022-12-25,0,0,,,,,0,0,0,,,,,0,0,,
2026-05-01,2026-08-08,"04 - ENVOLVIMENTO 365D",not_delivering,"Clique de 7 dias ou visualização de 1 dia",,,0,0,,20,Diário,0,Contínuo,2022-12-26,0,0,,,,,0,0,0,,,,,0,0,,
2026-05-01,2026-08-08,"01 - ENVOLVIMENTO 60D",not_delivering,"Clique de 7 dias ou visualização de 1 dia",,,0,0,,20,Diário,0,Contínuo,2022-12-26,0,0,,,,,0,0,0,,,,,0,0,,
2026-05-01,2026-08-08,"03 - ENVOLVIMENTO 180D",not_delivering,"Clique de 7 dias ou visualização de 1 dia",,,0,0,,20,Diário,0,Contínuo,2022-12-26,0,0,,,,,0,0,0,,,,,0,0,,
2026-05-01,2026-08-08,"00 - ENVOLVIMENTO 30D",not_delivering,"Clique de 7 dias ou visualização de 1 dia",,,0,0,,20,Diário,0,Contínuo,2022-12-26,0,0,,,,,0,0,0,,,,,0,0,,
2026-05-01,2026-08-08,"02 - ENVOLVIMENTO 90D",not_delivering,"Clique de 7 dias ou visualização de 1 dia",,,0,0,,20,Diário,0,Contínuo,2022-12-26,0,0,,,,,0,0,0,,,,,0,0,,
2026-05-01,2026-08-08,"00 - ABERTO [M]",not_delivering,"Clique de 7 dias ou visualização de 1 dia",,,0,0,,25,Diário,0,Contínuo,2022-12-26,0,0,,,,,0,0,0,,,,,0,0,,
2026-05-01,2026-08-08,"00 - ABERTO [M]",not_delivering,"Clique de 7 dias ou visualização de 1 dia",,,0,0,,35,Diário,0,Contínuo,2022-12-26,0,0,,,,,0,0,0,,,,,0,0,,
2026-05-01,2026-08-08,"03 - Envolvimento 365d",not_delivering,"Clique de 7 dias ou visualização de 1 dia",,,0,0,,25,Diário,0,Contínuo,2023-01-29,0,0,,,,,0,0,0,,,,,0,0,,
2026-05-01,2026-08-08,"01 - Cadastrados no evento passado + viu pagina de captura",not_delivering,"Clique de 7 dias ou visualização de 1 dia",,,0,0,,25,Diário,0,Contínuo,2023-01-29,0,0,,,,,0,0,0,,,,,0,0,,
2026-05-01,2026-08-08,"02 - Envolvimento 30d",not_delivering,"Clique de 7 dias ou visualização de 1 dia",,,0,0,,25,Diário,0,Contínuo,2023-01-29,0,0,,,,,0,0,0,,,,,0,0,,
2026-05-01,2026-08-08,"00 - Viu pagina de captura + Viu 25% do ADS",not_delivering,"Clique de 7 dias ou visualização de 1 dia",,,0,0,,25,Diário,0,Contínuo,2023-01-29,0,0,,,,,0,0,0,,,,,0,0,,
2026-05-01,2026-08-08,"03 - Envolvimento 90d",not_delivering,"Clique de 7 dias ou visualização de 1 dia",,,0,0,,25,Diário,0,Contínuo,2023-01-29,0,0,,,,,0,0,0,,,,,0,0,,
2026-05-01,2026-08-08,"03 - Envolvimento 60d",not_delivering,"Clique de 7 dias ou visualização de 1 dia",,,0,0,,25,Diário,0,Contínuo,2023-01-29,0,0,,,,,0,0,0,,,,,0,0,,
2026-05-01,2026-08-08,"03 - Envolvimento 180d",not_delivering,"Clique de 7 dias ou visualização de 1 dia",,,0,0,,25,Diário,0,Contínuo,2023-01-29,0,0,,,,,0,0,0,,,,,0,0,,
2026-05-01,2026-08-08,"00 - SEMELHANTE 1% - [5FE] - LEADS",not_delivering,"Clique de 7 dias ou visualização de 1 dia",,,0,0,,25,Diário,0,Contínuo,2023-01-29,0,0,,,,,0,0,0,,,,,0,0,,
2026-05-01,2026-08-08,"00 - SEMELHANTE 1% - VIU PAGE 60D",not_delivering,"Clique de 7 dias ou visualização de 1 dia",,,0,0,,25,Diário,0,Contínuo,2023-01-29,0,0,,,,,0,0,0,,,,,0,0,,
2026-05-01,2026-08-08,"00 - SEMELHANTE 2% - VIU PAGE 60D",not_delivering,"Clique de 7 dias ou visualização de 1 dia",,,0,0,,25,Diário,0,Contínuo,2023-01-29,0,0,,,,,0,0,0,,,,,0,0,,
2026-05-01,2026-08-08,"00 - SEMELHANTE 3% - VIU PAGE 60D",not_delivering,"Clique de 7 dias ou visualização de 1 dia",,,0,0,,25,Diário,0,Contínuo,2023-01-29,0,0,,,,,0,0,0,,,,,0,0,,
2026-05-01,2026-08-08,"00 - SEMELHANTE 2% - [5FE] - LEADS",not_delivering,"Clique de 7 dias ou visualização de 1 dia",,,0,0,,25,Diário,0,Contínuo,2023-01-29,0,0,,,,,0,0,0,,,,,0,0,,
2026-05-01,2026-08-08,"00 - SEMELHANTE 3% - [5FE] - LEADS",not_delivering,"Clique de 7 dias ou visualização de 1 dia",,,0,0,,25,Diário,0,Contínuo,2023-01-29,0,0,,,,,0,0,0,,,,,0,0,,
2026-05-01,2026-08-08,"00 - SEMELHANTE 3% - [5FE] - LEADS",not_delivering,"Clique de 7 dias ou visualização de 1 dia",,,0,0,,25,Diário,0,Contínuo,2023-01-30,0,0,,,,,0,0,0,,,,,0,0,,
2026-05-01,2026-08-08,"00 - SEMELHANTE 1% - VIU PAGE 60D",not_delivering,"Clique de 7 dias ou visualização de 1 dia",,,0,0,,25,Diário,0,Contínuo,2023-01-30,0,0,,,,,0,0,0,,,,,0,0,,
2026-05-01,2026-08-08,"00 - SEMELHANTE 2% - VIU PAGE 60D",not_delivering,"Clique de 7 dias ou visualização de 1 dia",,,0,0,,25,Diário,0,Contínuo,2023-01-30,0,0,,,,,0,0,0,,,,,0,0,,
2026-05-01,2026-08-08,"00 - SEMELHANTE 1% - [5FE] - LEADS",not_delivering,"Clique de 7 dias ou visualização de 1 dia",,,0,0,,25,Diário,0,Contínuo,2023-01-30,0,0,,,,,0,0,0,,,,,0,0,,
2026-05-01,2026-08-08,"00 - SEMELHANTE 3% - VIU PAGE 60D",not_delivering,"Clique de 7 dias ou visualização de 1 dia",,,0,0,,25,Diário,0,Contínuo,2023-01-30,0,0,,,,,0,0,0,,,,,0,0,,
2026-05-01,2026-08-08,"00 - SEMELHANTE 2% - [5FE] - LEADS",not_delivering,"Clique de 7 dias ou visualização de 1 dia",,,0,0,,25,Diário,0,Contínuo,2023-01-30,0,0,,,,,0,0,0,,,,,0,0,,
2026-05-01,2026-08-08,"00 - SEMELHANTE 2% - [5FE] - LEADS",not_delivering,"Clique de 7 dias ou visualização de 1 dia",,,0,0,,25,Diário,0,Contínuo,2023-01-30,0,0,,,,,0,0,0,,,,,0,0,,
2026-05-01,2026-08-08,"00 - SEMELHANTE 3% - [5FE] - LEADS",not_delivering,"Clique de 7 dias ou visualização de 1 dia",,,0,0,,25,Diário,0,Contínuo,2023-01-30,0,0,,,,,0,0,0,,,,,0,0,,
2026-05-01,2026-08-08,"00 - SEMELHANTE 1% - [5FE] - LEADS",not_delivering,"Clique de 7 dias ou visualização de 1 dia",,,0,0,,25,Diário,0,Contínuo,2023-01-30,0,0,,,,,0,0,0,,,,,0,0,,
2026-05-01,2026-08-08,"00 - SEMELHANTE 2% - VIU PAGE 60D",not_delivering,"Clique de 7 dias ou visualização de 1 dia",,,0,0,,25,Diário,0,Contínuo,2023-01-30,0,0,,,,,0,0,0,,,,,0,0,,
2026-05-01,2026-08-08,"00 - SEMELHANTE 3% - VIU PAGE 60D",not_delivering,"Clique de 7 dias ou visualização de 1 dia",,,0,0,,25,Diário,0,Contínuo,2023-01-30,0,0,,,,,0,0,0,,,,,0,0,,
2026-05-01,2026-08-08,"00 - SEMELHANTE 1% - VIU PAGE 60D",not_delivering,"Clique de 7 dias ou visualização de 1 dia",,,0,0,,25,Diário,0,Contínuo,2023-01-30,0,0,,,,,0,0,0,,,,,0,0,,
2026-05-01,2026-08-08,"00 - ABERTO",not_delivering,"Clique de 7 dias ou visualização de 1 dia",,,0,0,,25,Diário,0,Contínuo,2023-01-31,0,0,,,,,0,0,0,,,,,0,0,,
2026-05-01,2026-08-08,"00 - BEM ESTAR E PSICOLOGIA",not_delivering,"Clique de 7 dias ou visualização de 1 dia",,,0,0,,25,Diário,0,Contínuo,2023-01-31,0,0,,,,,0,0,0,,,,,0,0,,
2026-05-01,2026-08-08,"00 - BEM ESTAR E PSICOLOGIA",not_delivering,"Clique de 7 dias ou visualização de 1 dia",,,0,0,,25,Diário,0,Contínuo,2023-01-31,0,0,,,,,0,0,0,,,,,0,0,,
2026-05-01,2026-08-08,"00 - MOTIVACÃO - AUTOESTIMA",not_delivering,"Clique de 7 dias ou visualização de 1 dia",,,0,0,,25,Diário,0,Contínuo,2023-01-31,0,0,,,,,0,0,0,,,,,0,0,,
2026-05-01,2026-08-08,"00 - ABERTO",not_delivering,"Clique de 7 dias ou visualização de 1 dia",,,0,0,,25,Diário,0,Contínuo,2023-01-31,0,0,,,,,0,0,0,,,,,0,0,,
2026-05-01,2026-08-08,"00 - FELICIDADE -  EMPODERAMENTO",not_delivering,"Clique de 7 dias ou visualização de 1 dia",,,0,0,,25,Diário,0,Contínuo,2023-01-31,0,0,,,,,0,0,0,,,,,0,0,,
2026-05-01,2026-08-08,"00 - MOTIVACÃO - AUTOESTIMA",not_delivering,"Clique de 7 dias ou visualização de 1 dia",,,0,0,,25,Diário,0,Contínuo,2023-01-31,0,0,,,,,0,0,0,,,,,0,0,,
2026-05-01,2026-08-08,"00 - ABERTO",not_delivering,"Clique de 7 dias ou visualização de 1 dia",,,0,0,,25,Diário,0,Contínuo,2023-01-31,0,0,,,,,0,0,0,,,,,0,0,,
2026-05-01,2026-08-08,"00 - MOTIVACÃO - AUTOESTIMA",not_delivering,"Clique de 7 dias ou visualização de 1 dia",,,0,0,,25,Diário,0,Contínuo,2023-01-31,0,0,,,,,0,0,0,,,,,0,0,,
2026-05-01,2026-08-08,"00 - FELICIDADE -  EMPODERAMENTO",not_delivering,"Clique de 7 dias ou visualização de 1 dia",,,0,0,,25,Diário,0,Contínuo,2023-01-31,0,0,,,,,0,0,0,,,,,0,0,,
2026-05-01,2026-08-08,"00 - BEM ESTAR E PSICOLOGIA",not_delivering,"Clique de 7 dias ou visualização de 1 dia",,,0,0,,25,Diário,0,Contínuo,2023-01-31,0,0,,,,,0,0,0,,,,,0,0,,
2026-05-01,2026-08-08,"00 - FELICIDADE -  EMPODERAMENTO",not_delivering,"Clique de 7 dias ou visualização de 1 dia",,,0,0,,25,Diário,0,Contínuo,2023-01-31,0,0,,,,,0,0,0,,,,,0,0,,
2026-05-01,2026-08-08,"00 - ENVOLVIMENTO TODOS",not_delivering,"Clique de 7 dias ou visualização de 1 dia",,,0,0,,250,Diário,0,Contínuo,2023-01-31,0,0,,,,,0,0,0,,,,,0,0,,
2026-05-01,2026-08-08,"00 - ABERTO1",not_delivering,"Clique de 7 dias ou visualização de 1 dia",,,0,0,,55,Diário,0,Contínuo,2023-02-01,0,0,,,,,0,0,0,,,,,0,0,,
2026-05-01,2026-08-08,"00 - 4 INTERESSES - MULHER2",not_delivering,"Clique de 7 dias ou visualização de 1 dia",,,0,0,,110,Diário,0,Contínuo,2023-02-01,0,0,,,,,0,0,0,,,,,0,0,,
2026-05-01,2026-08-08,"00 - TODOS INTERESSES - MULHER1",not_delivering,"Clique de 7 dias ou visualização de 1 dia",,,0,0,,45,Diário,0,Contínuo,2023-02-01,0,0,,,,,0,0,0,,,,,0,0,,
2026-05-01,2026-08-08,"00 - 4 INTERESSES",not_delivering,"Clique de 7 dias ou visualização de 1 dia",,,0,0,,110,Diário,0,Contínuo,2023-02-01,0,0,,,,,0,0,0,,,,,0,0,,
2026-05-01,2026-08-08,"00 - ABERTO",not_delivering,"Clique de 7 dias ou visualização de 1 dia",,,0,0,,85,Diário,0,Contínuo,2023-02-01,0,0,,,,,0,0,0,,,,,0,0,,
2026-05-01,2026-08-08,"00 - TODOS INTERESSES - MULHER",not_delivering,"Clique de 7 dias ou visualização de 1 dia",,,0,0,,110,Diário,0,Contínuo,2023-02-01,0,0,,,,,0,0,0,,,,,0,0,,
2026-05-01,2026-08-08,"00 - 4 INTERESSES - MULHER",not_delivering,"Clique de 7 dias ou visualização de 1 dia",,,0,0,,25,Diário,0,Contínuo,2023-02-01,0,0,,,,,0,0,0,,,,,0,0,,
2026-05-01,2026-08-08,"00 - SENELHANTE 1%",not_delivering,"Clique de 7 dias ou visualização de 1 dia",,,0,0,,25,Diário,0,Contínuo,2023-02-02,0,0,,,,,0,0,0,,,,,0,0,,
2026-05-01,2026-08-08,"00 - SENELHANTE 2%",not_delivering,"Clique de 7 dias ou visualização de 1 dia",,,0,0,,25,Diário,0,Contínuo,2023-02-02,0,0,,,,,0,0,0,,,,,0,0,,
2026-05-01,2026-08-08,"00 - SENELHANTE 3%",not_delivering,"Clique de 7 dias ou visualização de 1 dia",,,0,0,,25,Diário,0,Contínuo,2023-02-02,0,0,,,,,0,0,0,,,,,0,0,,
2026-05-01,2026-08-08,"00 - 4 INTERESSES - MULHER",not_delivering,"Clique de 7 dias ou visualização de 1 dia",,,0,0,,45,Diário,0,Contínuo,2023-02-02,0,0,,,,,0,0,0,,,,,0,0,,
2026-05-01,2026-08-08,"00 - ABERTO1",not_delivering,"Clique de 7 dias ou visualização de 1 dia",,,0,0,,45,Diário,0,Contínuo,2023-02-02,0,0,,,,,0,0,0,,,,,0,0,,
2026-05-01,2026-08-08,"00 - 4 INTERESSES - MULHER2",not_delivering,"Clique de 7 dias ou visualização de 1 dia",,,0,0,,45,Diário,0,Contínuo,2023-02-02,0,0,,,,,0,0,0,,,,,0,0,,
2026-05-01,2026-08-08,"00 - 4 INTERESSES",not_delivering,"Clique de 7 dias ou visualização de 1 dia",,,0,0,,45,Diário,0,Contínuo,2023-02-02,0,0,,,,,0,0,0,,,,,0,0,,
2026-05-01,2026-08-08,"00 - ABERTO",not_delivering,"Clique de 7 dias ou visualização de 1 dia",,,0,0,,65,Diário,0,Contínuo,2023-02-02,0,0,,,,,0,0,0,,,,,0,0,,
2026-05-01,2026-08-08,"00 - TODOS INTERESSES - MULHER",not_delivering,"Clique de 7 dias ou visualização de 1 dia",,,0,0,,45,Diário,0,Contínuo,2023-02-02,0,0,,,,,0,0,0,,,,,0,0,,
2026-05-01,2026-08-08,"00 - TODOS INTERESSES - MULHER1",not_delivering,"Clique de 7 dias ou visualização de 1 dia",,,0,0,,70,Diário,0,Contínuo,2023-02-02,0,0,,,,,0,0,0,,,,,0,0,,
2026-05-01,2026-08-08,"00 - TODOS INTERESSES - MULHER",not_delivering,"Clique de 7 dias ou visualização de 1 dia",,,0,0,,85,Diário,0,Contínuo,2023-02-02,0,0,,,,,0,0,0,,,,,0,0,,
2026-05-01,2026-08-08,"00 - ENVOLVIMENTO TODOS",not_delivering,"Clique de 7 dias ou visualização de 1 dia",,,0,0,,250,Diário,0,Contínuo,2023-02-03,0,0,,,,,0,0,0,,,,,0,0,,
2026-05-01,2026-08-08,"00 - ENVOLVIMENTO TODOS",not_delivering,"Clique de 7 dias ou visualização de 1 dia",,,0,0,,65,Diário,0,Contínuo,2023-02-03,0,0,,,,,0,0,0,,,,,0,0,,
2026-05-01,2026-08-08,"00 - ENVOLVIMENTO TODOS",not_delivering,"Clique de 7 dias ou visualização de 1 dia",,,0,0,,150,Diário,0,Contínuo,2023-02-03,0,0,,,,,0,0,0,,,,,0,0,,
2026-05-01,2026-08-08,"00 - 4 INTERESSES - MULHER",not_delivering,"Clique de 7 dias ou visualização de 1 dia",,,0,0,,45,Diário,0,Contínuo,2023-02-04,0,0,,,,,0,0,0,,,,,0,0,,
2026-05-01,2026-08-08,"00 - VIU PAGINA DE CAPTURA + VIU 25% ADS",not_delivering,"Clique de 7 dias ou visualização de 1 dia",,,0,0,,45,Diário,0,Contínuo,2023-02-04,0,0,,,,,0,0,0,,,,,0,0,,
2026-05-01,2026-08-08,"07 - ENVOLVIMENTO 180D",not_delivering,"Clique de 7 dias ou visualização de 1 dia",,,0,0,,45,Diário,0,Contínuo,2023-02-04,0,0,,,,,0,0,0,,,,,0,0,,
2026-05-01,2026-08-08,"05 - ENVOLVIMENTO 60D",not_delivering,"Clique de 7 dias ou visualização de 1 dia",,,0,0,,50,Diário,0,Contínuo,2023-02-04,0,0,,,,,0,0,0,,,,,0,0,,
2026-05-01,2026-08-08,"06 - ENVOLVIMENTO 90D",not_delivering,"Clique de 7 dias ou visualização de 1 dia",,,0,0,,100,Diário,0,Contínuo,2023-02-04,0,0,,,,,0,0,0,,,,,0,0,,
2026-05-01,2026-08-08,"01 - INICIOU COMPRA - 180D",not_delivering,"Clique de 7 dias ou visualização de 1 dia",,,0,0,,45,Diário,0,Contínuo,2023-02-04,0,0,,,,,0,0,0,,,,,0,0,,
2026-05-01,2026-08-08,"08 - ENVOLVIMENTO 365D + VIDEO VIEW 25%",not_delivering,"Clique de 7 dias ou visualização de 1 dia",,,0,0,,45,Diário,0,Contínuo,2023-02-04,0,0,,,,,0,0,0,,,,,0,0,,
2026-05-01,2026-08-08,"02 - VIEW PAGE -  60D",not_delivering,"Clique de 7 dias ou visualização de 1 dia",,,0,0,,45,Diário,0,Contínuo,2023-02-04,0,0,,,,,0,0,0,,,,,0,0,,
2026-05-01,2026-08-08,"04 - ENVOLVIMENTO 30D",not_delivering,"Clique de 7 dias ou visualização de 1 dia",,,0,0,,100,Diário,0,Contínuo,2023-02-04,0,0,,,,,0,0,0,,,,,0,0,,
2026-05-01,2026-08-08,"03 - VIEW PAGE -  180D",not_delivering,"Clique de 7 dias ou visualização de 1 dia",,,0,0,,45,Diário,0,Contínuo,2023-02-04,0,0,,,,,0,0,0,,,,,0,0,,
2026-05-01,2026-08-08,"00 - ABERTO",not_delivering,"Clique de 7 dias ou visualização de 1 dia",,,0,0,,100,Diário,0,Contínuo,2023-02-04,0,0,,,,,0,0,0,,,,,0,0,,
2026-05-01,2026-08-08,"00 - 4 INTERESSES",not_delivering,"Clique de 7 dias ou visualização de 1 dia",,,0,0,,100,Diário,0,Contínuo,2023-02-04,0,0,,,,,0,0,0,,,,,0,0,,
2026-05-01,2026-08-08,"00 - TODOS INTERESSES - MULHER",not_delivering,"Clique de 7 dias ou visualização de 1 dia",,,0,0,,100,Diário,0,Contínuo,2023-02-04,0,0,,,,,0,0,0,,,,,0,0,,
2026-05-01,2026-08-08,"00 - 4 INTERESSES - MULHER2",not_delivering,"Clique de 7 dias ou visualização de 1 dia",,,0,0,,100,Diário,0,Contínuo,2023-02-04,0,0,,,,,0,0,0,,,,,0,0,,
2026-05-01,2026-08-08,"00 - TODOS INTERESSES - MULHER1",not_delivering,"Clique de 7 dias ou visualização de 1 dia",,,0,0,,100,Diário,0,Contínuo,2023-02-04,0,0,,,,,0,0,0,,,,,0,0,,
2026-05-01,2026-08-08,"00 - viu pagina de captura + Cadastrados",not_delivering,"Clique de 7 dias ou visualização de 1 dia",,,0,0,,40,Diário,0,Contínuo,2023-02-04,0,0,,,,,0,0,0,,,,,0,0,,
2026-05-01,2026-08-08,"00 - viu pagina de captura + Cadastrados",not_delivering,"Clique de 7 dias ou visualização de 1 dia",,,0,0,,300,Diário,0,Contínuo,2023-02-04,0,0,,,,,0,0,0,,,,,0,0,,
2026-05-01,2026-08-08,"00 - ENVOLVIMENTO TODOS",not_delivering,"Clique de 7 dias ou visualização de 1 dia",,,0,0,,250,Diário,0,Contínuo,2023-02-05,0,0,,,,,0,0,0,,,,,0,0,,
2026-05-01,2026-08-08,"00 - viu pagina de captura + Cadastrados",not_delivering,"Clique de 7 dias ou visualização de 1 dia",,,0,0,,80,Diário,0,Contínuo,2023-02-08,0,0,,,,,0,0,0,,,,,0,0,,
2026-05-01,2026-08-08,"00 - viu pagina de captura + Cadastrados",not_delivering,"Clique de 7 dias ou visualização de 1 dia",,,0,0,,250,Diário,0,Contínuo,2023-02-08,0,0,,,,,0,0,0,,,,,0,0,,
2026-05-01,2026-08-08,"00 - viu pagina de captura + Cadastrados + envolvimento 30d",not_delivering,"Clique de 7 dias ou visualização de 1 dia",,,0,0,,150,Diário,0,Contínuo,2023-02-08,0,0,,,,,0,0,0,,,,,0,0,,
2026-05-01,2026-08-08,"00 - viu pagina de captura + Cadastrados + envolvimento 30d - AULA 01",not_delivering,"Clique de 7 dias ou visualização de 1 dia",,,0,0,,150,Diário,0,Contínuo,2023-02-13,0,0,,,,,0,0,0,,,,,0,0,,
2026-05-01,2026-08-08,"00 - viu pagina de captura + Cadastrados + envolvimento 30d - AULA 02",not_delivering,"Clique de 7 dias ou visualização de 1 dia",,,0,0,,150,Diário,0,Contínuo,2023-02-13,0,0,,,,,0,0,0,,,,,0,0,,
2026-05-01,2026-08-08,"00 - viu pagina de captura + Cadastrados + envolvimento 30d - AULA 03",not_delivering,"Clique de 7 dias ou visualização de 1 dia",,,0,0,,150,Diário,0,Contínuo,2023-02-14,0,0,,,,,0,0,0,,,,,0,0,,
2026-05-01,2026-08-08,"00 - INICIOU CHECKOUT + VIU PAGINA TODAS AS AULAS + LEADS",not_delivering,"Clique de 7 dias ou visualização de 1 dia",,,0,0,,25,Diário,0,Contínuo,2023-02-16,0,0,,,,,0,0,0,,,,,0,0,,
2026-05-01,2026-08-08,"01 - ENVOLVIMENTO 7D + VIU PAGINA DE CAPTURA",not_delivering,"Clique de 7 dias ou visualização de 1 dia",,,0,0,,25,Diário,0,Contínuo,2023-02-16,0,0,,,,,0,0,0,,,,,0,0,,
2026-05-01,2026-08-08,"02 -  ENVOLVIMENTO 30D",not_delivering,"Clique de 7 dias ou visualização de 1 dia",,,0,0,,25,Diário,0,Contínuo,2023-02-16,0,0,,,,,0,0,0,,,,,0,0,,
2026-05-01,2026-08-08,"01 - ENVOLVIMENTO 7D + VIU PAGINA DE CAPTURA",not_delivering,"Clique de 7 dias ou visualização de 1 dia",,,0,0,,25,Diário,0,Contínuo,2023-02-16,0,0,,,,,0,0,0,,,,,0,0,,
2026-05-01,2026-08-08,"00 - INICIOU CHECKOUT + VIU PAGINA TODAS AS AULAS + LEADS",not_delivering,"Clique de 7 dias ou visualização de 1 dia",,,0,0,,25,Diário,0,Contínuo,2023-02-17,0,0,,,,,0,0,0,,,,,0,0,,
2026-05-01,2026-08-08,"02 -  ENVOLVIMENTO 30D",not_delivering,"Clique de 7 dias ou visualização de 1 dia",,,0,0,,25,Diário,0,Contínuo,2023-02-17,0,0,,,,,0,0,0,,,,,0,0,,
2026-05-01,2026-08-08,"00 - LEADS  + INICIOU CHECKOUT",not_delivering,"Clique de 7 dias ou visualização de 1 dia",,,0,0,,20,Diário,0,Contínuo,2023-02-17,0,0,,,,,0,0,0,,,,,0,0,,
2026-05-01,2026-08-08,"[CONVERSÃO] TODOS OS ENVOLVIDOS",not_delivering,"Clique de 7 dias ou visualização de 1 dia",,,0,0,,30,Diário,0,Contínuo,2023-02-26,0,0,,,,,0,0,0,,,,,0,0,,
2026-05-01,2026-08-08,"[CONVERSÃO] TODOS OS ENVOLVIDOS 2",not_delivering,"Clique de 7 dias ou visualização de 1 dia",,,0,0,,97,Diário,0,Contínuo,2023-02-26,0,0,,,,,0,0,0,,,,,0,0,,
2026-05-01,2026-08-08,"Instagram Post",not_delivering,"Clique de 7 dias ou visualização de 1 dia",,,0,0,,"Usando orçamento da campanha",0,0,Contínuo,2024-06-04,0,0,,,,,0,0,0,,,,,0,0,,
2026-05-01,2026-08-08,"Instagram Post",not_delivering,"Clique de 7 dias ou visualização de 1 dia",,,0,0,,"Usando orçamento da campanha",0,0,Contínuo,2024-06-04,0,0,,,,,0,0,0,,,,,0,0,,
2026-05-01,2026-08-08,"Instagram Post",not_delivering,"Clique de 7 dias ou visualização de 1 dia",,,0,0,,"Usando orçamento da campanha",0,0,Contínuo,2024-06-04,0,0,,,,,0,0,0,,,,,0,0,,
2026-05-01,2026-08-08,"Instagram Post",not_delivering,"Clique de 7 dias ou visualização de 1 dia",,,0,0,,"Usando orçamento da campanha",0,0,Contínuo,2024-06-05,0,0,,,,,0,0,0,,,,,0,0,,
2026-05-01,2026-08-08,"Instagram Post",not_delivering,"Clique de 7 dias ou visualização de 1 dia",,,0,0,,"Usando orçamento da campanha",0,0,Contínuo,2024-06-05,0,0,,,,,0,0,0,,,,,0,0,,
2026-05-01,2026-08-08,"Instagram Post",not_delivering,"Clique de 7 dias ou visualização de 1 dia",,,0,0,,"Usando orçamento da campanha",0,0,Contínuo,2024-06-07,0,0,,,,,0,0,0,,,,,0,0,,
2026-05-01,2026-08-08,"Instagram Post",not_delivering,"Clique de 7 dias ou visualização de 1 dia",,,0,0,,"Usando orçamento da campanha",0,0,Contínuo,2024-06-10,0,0,,,,,0,0,0,,,,,0,0,,
2026-05-01,2026-08-08,"Instagram Post",not_delivering,"Clique de 7 dias ou visualização de 1 dia",,,0,0,,"Usando orçamento da campanha",0,0,Contínuo,2024-06-10,0,0,,,,,0,0,0,,,,,0,0,,
